id,age_conducteur,date_heure,ville,latitude,longitude,id_descr_etat_surf,id_descr_atmo,id_descr_dispo_secu,id_descr_lum
39,12,"2023-06-09 17:09:00",Cronat,46.7,3.75,1,4,10,1
40,87,"2023-06-16 20:12:00",Barret,5.5,44.15,1,1,1,1
41,5,"2023-06-16 21:12:00",Saint-Marcel,47.8,-2.41,1,1,1,1
42,65,"2023-06-16 17:13:00",Bouère,47.91,-0.56,1,1,1,1
43,45,"2023-06-17 21:14:00","Le Parcq",50.39,2.08,6,1,8,1
44,12,"2023-06-24 20:15:00",Morancourt,48.43,5,1,4,6,3
45,19,"2023-06-13 17:15:00",Laval,48.05,-0.79,1,1,1,1
46,45,"2023-06-15 20:15:00",Vilaine,46.17,-0.25,1,5,1,3
47,28,"2023-06-16 20:16:00",Saint-Martin-de-Lenne,44.43,2.95,5,8,7,4
48,12,"2023-06-16 20:17:00",Ferrières-Poussarou,43.48,2.93,6,4,8,2
49,20,"2023-06-13 17:16:00","Le Bourgneuf-la-Forêt",48.16,-0.97,1,1,1,1
50,23,"2023-06-23 17:18:00",Lignières,46.75,2.19,6,4,7,3
51,49,"2023-06-13 17:19:00",Yzeure,46.55,3.35,1,1,1,1
52,75,"2023-06-13 17:19:00",Parisot,43.8,1.79,1,1,1,1
53,34,"2023-06-13 17:20:00",Saint-Julien-du-Sault,48.04,3.31,1,1,1,1
54,35,"2023-06-16 20:41:00",Sangmélima,34,12,5,7,1,3
55,19,"2023-06-15 09:10:00",Parisot,27.3,48.74,1,1,1,1
56,19,"2023-06-15 09:36:00",brest,27.3,48.74,1,1,1,1
57,19,"2023-06-15 09:36:00",brest,27.3,48.74,1,1,1,1
58,19,"2023-06-15 09:36:00",brest,27.3,48.74,1,1,1,1
59,19,"2023-06-15 09:36:00",brest,27.3,48.74,1,1,1,1
60,19,"2023-06-15 09:36:00",brest,27.3,48.74,1,1,1,1
61,19,"2023-06-15 09:36:00",brest,27.3,48.74,1,1,1,1
62,19,"2023-06-15 09:36:00",brest,27.3,48.74,1,1,1,1
63,19,"2023-06-15 09:36:00",brest,27.3,48.74,1,1,1,1
64,19,"2023-06-15 09:36:00",brest,27.3,48.74,1,1,1,1
65,19,"2023-06-15 09:44:00","Zaouiet Kounta",27.3,-0.79,1,1,1,1
66,19,"2023-06-15 09:44:00","Zaouiet Kounta",27.3,-0.79,1,1,1,1
67,19,"2023-06-15 09:44:00","Zaouiet Kounta",27.3,-0.79,1,1,1,1
68,19,"2023-06-15 09:47:00","Le Bourgneuf-la-Forêt",48.16,-0.97,1,1,1,1
69,19,"2023-06-15 09:47:00","Le Bourgneuf-la-Forêt",48.16,-0.97,1,1,1,1
70,19,"2023-06-15 09:47:00","Le Bourgneuf-la-Forêt",48.16,-0.97,1,1,1,1
71,19,"2023-06-15 09:47:00","Le Bourgneuf-la-Forêt",48.16,-0.97,1,1,1,1
72,19,"2023-06-15 09:47:00","Le Bourgneuf-la-Forêt",48.16,-0.97,1,1,1,1
73,19,"2023-06-15 09:47:00","Le Bourgneuf-la-Forêt",48.16,-0.97,1,1,1,1
74,19,"2023-06-15 09:47:00","Le Bourgneuf-la-Forêt",48.16,-0.97,1,1,1,1
75,1,"2023-06-15 09:55:00",Sougy,48.05,1.79,1,1,1,1
76,1,"2023-06-15 09:55:00",Tillay-le-Péneux,48.16,1.79,1,1,1,1
77,1,"2023-06-15 09:56:00",Andouillé,48.16,-0.79,1,1,1,1
78,19,"2023-06-15 10:14:00",Saint-Julien-du-Sault,48.05,48.74,1,1,1,1
79,2,"2023-06-22 10:15:00",Abalessa,23,3,1,1,1,1
80,54,"2009-01-14 07:45:00",PANNECE,47.4833,-1.23333,1,1,1,1
81,64,"2009-01-06 10:30:00","ST GENIX LES VILLAGES",45.6,5.63333,2,2,1,2
82,63,"2009-01-06 16:00:00","ST GENIX LES VILLAGES",45.6,5.63333,2,2,1,2
83,66,"2009-01-31 19:00:00","ST LAURENT DE LA SALANQUE",42.7667,2.98333,3,3,1,3
84,72,"2009-02-18 16:45:00",SOUVIGNE,45.9667,0.066667,4,4,1,2
85,54,"2009-01-21 08:15:00",LOPEREC,48.2833,-4.05,1,4,1,2
86,45,"2009-01-22 12:00:00","ST PABU",48.5659,3.39723,4,4,1,2
87,74,"2009-01-02 13:15:00","ST GOAZEC",48.1667,-3.78333,1,5,1,2
88,56,"2009-01-06 17:15:00",RENUNG,43.75,-0.35,2,2,1,3
89,52,"2009-01-23 21:00:00",MOMUY,43.6167,-0.633333,1,5,1,3
90,73,"2009-01-23 21:00:00",MOMUY,43.6167,-0.633333,1,5,1,3
91,50,"2009-01-07 07:30:00","LE TILLEUL LAMBERT",49.0833,0.95,1,2,1,1
92,45,"2009-01-09 15:30:00",NOYERS,49.2667,1.38333,2,2,1,2
93,46,"2009-01-09 19:00:00",GUICHAINVILLE,48.9833,1.19167,4,5,1,3
94,42,"2009-01-11 11:00:00",MENNEVAL,49.1,0.616667,4,4,1,2
95,51,"2009-01-21 17:30:00",HEUDEBOUVILLE,49.2,1.25,4,4,1,3
96,74,"2009-01-12 13:45:00","ST CHRISTOPHE VALLON",44.4833,2.4,1,6,1,2
97,61,"2009-01-15 07:15:00","LA SELLE EN HERMOY",48.0167,2.9,1,5,1,2
98,45,"2009-01-31 06:45:00",PREVENCHERES,44.5167,3.91667,1,1,1,1
99,53,"2009-01-09 15:45:00",ROTANGY,49.5833,2.08333,1,2,1,2
100,52,"2009-01-08 08:00:00",FROCOURT,49.3833,2.08333,1,2,1,2
101,36,"2009-01-05 19:45:00",PEYROLLES,44.1167,3.83333,4,4,1,3
102,63,"2009-01-05 13:00:00",WIDENSOLEN,48.0625,7.48001,1,5,1,2
103,38,"2009-01-12 16:15:00","ST AMARIN",47.8833,7.01667,4,4,1,2
104,57,"2009-01-10 13:30:00",RETZWILLER,47.6333,7.1,4,4,1,2
105,41,"2009-01-14 08:00:00","LE PETIT FOUGERAY",47.9333,-1.6,1,1,1,1
106,93,"2009-01-27 09:15:00",PIPRIAC,47.8167,-1.95,3,1,1,2
107,41,"2009-01-27 09:15:00",PIPRIAC,47.8167,-1.95,3,1,1,2
108,30,"2009-01-28 10:45:00","STE MARIE",47.7,-2,3,7,2,2
109,47,"2009-01-28 10:45:00","STE MARIE",47.7,-2,3,7,1,2
110,47,"2009-01-05 14:45:00","RIVES DU LOIR EN ANJOU",47.55,-0.416667,2,2,1,2
111,49,"2009-01-23 09:30:00",ETRICHE,47.65,-0.433333,3,6,1,2
112,37,"2009-02-20 20:00:00","MAUGES SUR LOIRE",47.35,-0.85,4,4,1,3
113,49,"2009-02-28 09:00:00","MONTREUIL BELLAY",47.1333,-0.15,4,4,1,2
114,62,"2009-02-06 18:55:00",SAUMUR,47.2667,-0.083333,4,4,1,3
115,43,"2009-01-30 16:00:00","STE ANASTASIE",43.9353,4.32167,4,8,1,2
116,37,"2009-01-12 07:30:00","ST JEAN DE VALERISCLE",44.2333,4.13333,3,6,1,2
117,85,"2009-01-10 06:45:00",LANGLADE,43.8,4.25,4,4,1,1
118,54,"2009-01-27 04:15:00",TIGNES,45.5,6.91667,2,2,1,3
119,67,"2009-01-30 22:45:00",TESSON,45.6333,-0.65,4,4,1,3
120,75,"2009-02-23 10:45:00",MOSTUEJOULS,44.2,3.18333,3,8,1,2
121,49,"2009-01-30 20:30:00","VOUNEUIL SOUS BIARD",46.5833,0.266667,4,4,1,3
122,90,"2009-02-21 14:00:00","MAREUIL SUR CHER",47.2833,1.33333,4,4,3,2
123,50,"2009-01-14 06:45:00",GERBEVILLER,48.5,6.51667,1,5,1,1
124,70,"2009-01-14 06:45:00",GERBEVILLER,48.5,6.51667,1,5,1,1
125,100,"2009-01-28 15:45:00",ECROUVES,48.6833,5.85,4,4,1,2
126,27,"2009-01-28 15:45:00",ECROUVES,48.6833,5.85,4,4,1,2
127,44,"2009-02-06 17:15:00","VANDOEUVRE LES NANCY",48.65,6.18333,3,8,1,1
128,52,"2009-02-12 06:30:00",GRAZAC,45.1833,4.18333,3,4,3,1
129,40,"2009-01-09 16:45:00","VILLERS ALLERAND",49.1667,4.01667,3,8,1,3
130,51,"2009-02-02 10:45:00",BOURTH,48.7667,0.816667,2,2,1,2
131,78,"2009-02-27 10:00:00","DOMPIERRE SUR MER",46.1833,-1.06667,4,4,1,2
132,47,"2009-01-07 23:30:00","VIUZ EN SALLAZ",46.15,6.41667,5,5,1,3
133,64,"2009-01-07 23:30:00","VIUZ EN SALLAZ",46.15,6.41667,5,5,1,3
134,38,"2009-03-16 06:00:00","ST GEORGES D AURAC",45.15,3.53333,4,4,1,2
135,41,"2009-03-20 16:15:00","ST PIERRE EYNAC",45.05,4.03333,4,4,3,2
136,85,"2009-03-20 16:15:00","ST PIERRE EYNAC",45.05,4.03333,4,4,1,2
137,36,"2009-03-11 18:30:00",MONTAMISE,46.6167,0.433333,4,4,1,3
138,54,"2009-02-06 16:15:00","ST PIERRE DE CHIGNAC",45.1333,0.85,6,7,2,2
139,36,"2009-02-13 13:30:00",HAUTEFORT,45.25,1.15,4,4,1,2
140,43,"2009-01-18 17:00:00","SEMOUTIERS MONTSAON",48.0589,5.05695,3,2,1,3
141,57,"2009-02-12 17:45:00",VACHERESSE,46.3333,6.68333,2,2,1,3
142,33,"2009-02-28 14:50:00",SALLENOVES,46,6,4,4,1,2
143,64,"2009-02-28 15:00:00",LAGRAVE,43.9,2,4,4,1,2
144,49,"2009-02-09 06:55:00","CHALONS EN CHAMPAGNE",48.9583,4.36667,4,4,1,1
145,58,"2009-01-18 20:00:00",ORGEUX,47.3667,5.15,1,5,1,3
146,37,"2009-01-18 20:00:00",ORGEUX,47.3667,5.15,1,5,1,3
147,73,"2009-01-26 13:00:00","ST NICOLAS LES CITEAUX",47.1167,5.05,5,5,1,2
148,66,"2009-01-14 19:00:00",FAUVERNEY,47.25,5.15,3,7,1,3
149,41,"2009-01-27 17:15:00","MURVIEL LES MONTPELLIER",43.6167,3.73333,4,4,1,3
150,85,"2009-01-11 14:30:00",SAUTEYRARGUES,43.8333,3.91667,4,6,1,2
151,37,"2009-01-28 18:45:00",SERVIAN,43.4167,3.3,4,4,4,3
152,63,"2009-01-11 07:45:00",GIGNAC,43.65,3.55,4,4,1,2
153,62,"2009-01-04 15:00:00",VIAS,43.3,3.41667,4,4,1,2
154,75,"2009-02-02 11:30:00","ST DIZIER",48.6333,4.95,3,7,1,2
155,50,"2009-02-02 11:30:00","ST DIZIER",48.6333,4.95,3,7,1,2
156,70,"2009-01-16 18:45:00","L UNION",43.6667,1.48333,4,4,1,4
157,39,"2009-01-07 05:45:00",QUEVEN,47.7833,-3.41667,4,4,1,3
158,70,"2009-01-30 17:30:00","LA VRAIE CROIX",47.6833,-2.55,4,4,1,1
159,72,"2009-01-05 09:45:00",SARZEAU,47.5333,-2.76667,1,7,1,2
160,41,"2009-01-05 09:45:00",SARZEAU,47.5333,-2.76667,1,7,1,2
161,50,"2009-02-22 05:15:00",PLESSE,47.5333,-1.88333,4,4,1,3
162,55,"2009-02-21 17:00:00",VALLET,47.1667,-1.26667,4,4,1,2
163,64,"2009-02-25 15:45:00","ST JEAN LA POTERIE",47.6333,-2.13333,4,4,1,2
164,58,"2009-01-31 18:15:00","ST SORNIN LAVOLPS",45.3833,1.36667,4,4,1,4
165,39,"2009-02-25 15:30:00",NAVES,45.3167,1.76667,4,4,1,2
166,64,"2009-03-31 12:05:00",SAUMUR,47.2667,-0.083333,4,4,1,2
167,60,"2009-03-23 17:15:00",ROUSSON,44.2,4.15,4,4,1,2
168,67,"2009-01-09 08:15:00",JUZANVIGNY,48.4167,4.58333,1,8,1,2
169,40,"2009-02-25 16:45:00",EPAGNE,48.4,4.46667,4,4,1,2
170,38,"2009-02-25 16:45:00",EPAGNE,48.4,4.46667,4,4,1,2
171,37,"2009-02-12 06:50:00","OSSEY LES TROIS MAISONS",48.4333,3.75,2,2,1,1
172,17,"2009-03-10 18:00:00",TRANCAULT,48.3667,3.53333,3,7,4,3
173,40,"2009-03-10 18:00:00",TRANCAULT,48.3667,3.53333,3,7,1,3
174,42,"2009-03-10 18:00:00",TRANCAULT,48.3667,3.53333,3,7,1,3
175,38,"2009-03-10 18:00:00",TRANCAULT,48.3667,3.53333,3,7,1,3
176,41,"2009-03-10 18:00:00",TRANCAULT,48.3667,3.53333,3,7,1,3
177,62,"2009-03-10 18:00:00",TRANCAULT,48.3667,3.53333,3,7,1,3
178,64,"2009-03-23 17:15:00",FULIGNY,48.3333,4.7,4,4,1,2
179,44,"2009-03-19 17:45:00",SPOY,48.2333,4.61667,4,4,1,2
180,48,"2009-03-09 19:00:00","ST JULIEN LES VILLAS",48.2667,4.1,4,4,1,3
181,34,"2009-03-07 02:45:00",GUILLAUCOURT,49.85,2.63333,4,4,1,3
182,36,"2009-03-08 19:15:00","LUCHE THOUARSAIS",46.9,-0.333333,3,7,1,3
183,44,"2009-03-07 18:40:00","LA SEYNE SUR MER",43.1,5.88333,4,4,1,3
184,43,"2009-01-02 09:50:00",LAVAUFRANCHE,46.3167,2.26667,4,4,1,2
185,75,"2009-01-10 17:45:00",PIONNAT,46.1667,2.01667,4,4,1,3
186,40,"2009-02-09 13:15:00",THUIR,42.6333,2.75,4,4,1,2
187,71,"2009-02-22 14:30:00",UR,42.4667,1.93333,4,4,1,2
188,36,"2009-02-28 16:45:00",MATEMALE,42.5833,2.11667,4,4,1,2
189,59,"2009-03-26 06:30:00","FERE CHAMPENOISE",48.75,3.98333,4,4,1,1
190,38,"2009-03-22 14:45:00","ST ETIENNE AU TEMPLE",49.0167,4.41667,4,4,1,2
191,43,"2009-02-20 18:15:00",FENOUILLET,43.6833,1.4,4,4,1,4
192,50,"2009-03-01 10:15:00","FONTAINE CHAALIS",49.1667,2.68333,4,4,1,2
193,63,"2009-03-01 10:15:00","FONTAINE CHAALIS",49.1667,2.68333,4,4,1,2
194,61,"2009-03-25 08:45:00","CHOISY LA VICTOIRE",49.3833,2.58333,3,7,1,2
195,35,"2009-03-28 12:00:00","PORTE PUYMORENS",42.55,1.83333,3,2,1,2
196,51,"2009-02-05 14:15:00","MESNARD LA BAROTIERE",46.8667,-1.1,4,4,1,2
197,39,"2009-03-08 18:00:00","NIEUL LE DOLENT",46.5833,-1.51667,4,4,1,3
198,22,"2009-03-09 15:16:00","LA ROCHE SUR YON",46.6667,-1.43333,4,4,1,2
199,54,"2009-03-09 15:16:00","LA ROCHE SUR YON",46.6667,-1.43333,4,4,1,2
200,55,"2009-04-17 15:00:00",THORIGNY,46.6167,-1.25,4,4,1,2
201,53,"2009-04-26 03:00:00","ST JEAN DE MONTS",46.7833,-2.06667,4,4,1,3
202,56,"2009-04-26 03:00:00","ST JEAN DE MONTS",46.7833,-2.06667,4,4,1,3
203,58,"2009-01-28 09:30:00",PLOBSHEIM,48.4667,7.71667,4,1,1,2
204,87,"2009-01-28 09:30:00",PLOBSHEIM,48.4667,7.71667,4,1,1,2
205,90,"2009-01-23 08:30:00",TONNEINS,44.3833,0.316667,3,7,1,2
206,57,"2009-02-15 14:00:00","PUY L EVEQUE",44.5,1.13333,4,4,1,2
207,41,"2009-02-15 14:00:00","PUY L EVEQUE",44.5,1.13333,4,4,1,2
208,46,"2009-03-27 13:00:00","LOIRON RUILLE",48.0667,-0.933333,4,9,1,2
209,41,"2009-03-18 16:30:00",LOUVIGNE,48.0667,-0.633333,4,4,1,2
210,52,"2009-01-15 09:30:00",VAUDREY,46.9833,5.61667,4,1,1,2
211,61,"2009-03-19 17:30:00","LAVANS LES DOLE",47.15,5.63333,4,4,1,2
212,49,"2009-03-25 19:35:00",DOLE,47.1,5.5,4,4,1,3
213,37,"2009-01-15 15:30:00",DIGES,47.7333,3.4,4,4,1,2
214,42,"2009-01-15 15:30:00",DIGES,47.7333,3.4,4,4,4,2
215,52,"2009-03-13 05:15:00",BUZIET,43.1333,-0.466667,4,4,1,3
216,46,"2009-03-28 12:30:00","ST PEE SUR NIVELLE",43.35,-1.55,3,3,1,2
217,52,"2009-02-17 07:45:00",MARMANDE,44.5,0.166667,4,4,1,2
218,74,"2009-03-13 13:00:00","VABRES L ABBAYE",43.9333,2.85,4,4,1,2
219,40,"2009-03-28 12:15:00","ST REMY",44.4,2.03333,6,8,1,2
220,44,"2009-01-05 14:30:00",ROUBAIX,50.7,3.16667,4,8,3,2
221,37,"2009-01-29 15:40:00",NIEPPE,50.7,2.83333,4,4,1,2
222,65,"2009-02-13 17:00:00",WATTRELOS,50.7,3.21667,4,4,3,4
223,41,"2009-02-05 15:45:00",CROIX,50.6667,3.15,4,4,3,2
224,81,"2009-04-29 11:40:00",HENDAYE,43.3583,-1.775,3,3,1,2
225,49,"2009-04-29 17:00:00",VIENNAY,46.6833,-0.25,4,4,1,2
226,50,"2009-04-29 17:00:00",VIENNAY,46.6833,-0.25,4,4,1,2
227,61,"2009-02-13 07:30:00","ST LANGIS LES MORTAGNE",48.5167,0.533333,3,7,1,1
228,39,"2009-01-16 18:00:00","LE PONT DE CLAIX",45.1167,5.7,4,4,1,3
229,80,"2009-01-27 19:15:00","LA VERPILLIERE",45.6333,5.15,4,4,1,3
230,60,"2009-02-05 18:30:00",MONTEYNARD,44.9667,5.7,3,3,1,3
231,47,"2009-04-18 19:45:00","ST CLEMENT DES LEVEES",47.3333,-0.183333,4,4,1,3
232,55,"2009-04-02 10:15:00",PRECHAC,42.9923,-0.0730556,4,4,1,2
233,51,"2009-01-29 08:30:00",POLASTRON,43.5312,0.844722,3,1,1,2
234,85,"2009-04-22 12:15:00","ST GEORGES DE LUZENCON",44.0667,2.98333,4,4,1,2
235,41,"2009-04-23 22:15:00","STE GEMME MARTAILLAC",44.3667,0.15,4,4,1,3
236,33,"2009-04-30 15:15:00","PONT DU CASSE",44.2333,0.683333,3,7,1,2
237,31,"2009-04-30 15:15:00","PONT DU CASSE",44.2333,0.683333,3,7,1,2
238,33,"2009-04-30 15:15:00","PONT DU CASSE",44.2333,0.683333,3,7,1,2
239,41,"2009-02-16 07:00:00",VOGLANS,45.6333,5.9,4,4,1,2
240,40,"2009-02-13 15:45:00","ST PANCRACE",45.2667,6.33333,4,6,1,2
241,35,"2009-02-22 15:15:00","FONTCOUVERTE LA TOUSSUIRE",45.2464,6.30251,1,2,1,2
242,52,"2009-03-17 10:30:00","ST JEAN DE CHEVELU",45.7,5.83333,4,4,1,2
243,46,"2009-03-18 16:15:00","GRESY SUR AIX",45.7167,5.95,4,4,1,2
244,40,"2009-03-01 19:00:00",COURCOURY,45.7167,-0.583333,4,4,1,3
245,54,"2009-03-16 14:30:00",MURON,46.0333,-0.833333,4,4,1,2
246,35,"2009-04-06 11:00:00","MASEVAUX NIEDERBRUCK",47.7833,7,4,4,1,2
247,90,"2009-04-19 13:00:00",RAEDERSDORF,47.4667,7.36667,4,4,1,2
248,36,"2009-02-28 12:15:00","L ISLE ADAM",49.1167,2.23333,4,6,1,2
249,76,"2009-01-23 13:00:00","ST BREVIN LES PINS",47.25,-2.16667,4,4,1,2
250,83,"2009-01-21 06:55:00",PERPIGNAN,42.6833,2.88333,4,4,1,2
251,43,"2009-01-30 21:15:00","ST BRIEUC",48.5167,-2.78333,4,4,1,4
252,94,"2009-01-24 18:00:00",PLUGUFFAN,47.9833,-4.18333,4,4,1,1
253,75,"2009-01-10 17:45:00","MAREUIL SUR LAY DISSAIS",46.5345,0.782223,4,4,1,4
254,60,"2009-01-15 07:00:00",SARAN,47.95,1.88333,1,4,1,1
255,68,"2009-01-15 07:00:00",SARAN,47.95,1.88333,1,4,3,1
256,57,"2009-01-20 19:15:00","FRESNOY LA RIVIERE",49.2833,2.91667,3,4,1,4
257,34,"2009-01-10 16:45:00",VINEUIL,47.5833,1.38333,2,2,1,4
258,51,"2009-01-10 16:45:00",VINEUIL,47.5833,1.38333,2,2,1,4
259,94,"2009-01-02 16:15:00",VINEUIL,47.5833,1.38333,4,4,1,4
260,53,"2009-01-10 08:30:00","VIEUX THANN",47.8,7.13333,4,4,1,2
261,33,"2009-01-07 21:15:00",SICKERT,47.7833,6.98333,1,5,1,4
262,61,"2009-01-09 17:45:00",INGERSHEIM,48.1,7.3,4,4,1,4
263,56,"2009-01-26 12:00:00","ROMILLY SUR SEINE",48.5167,3.71667,4,4,3,2
264,35,"2009-01-31 21:00:00","ST MALO",48.65,-2.01667,4,4,1,4
265,46,"2009-01-01 19:45:00",RENNES,48.0833,-1.68333,4,4,1,4
266,48,"2009-01-01 19:45:00",RENNES,48.0833,-1.68333,4,4,1,4
267,73,"2009-02-06 13:40:00",SAUMUR,47.2667,-0.083333,4,4,1,2
268,42,"2009-02-13 13:15:00",MONTFAUCON,44.0833,4.75,4,4,1,2
269,59,"2009-02-11 19:35:00","VILLENEUVE LES AVIGNON",43.9664,4.79584,4,4,3,4
270,59,"2009-02-27 18:40:00",NIMES,43.8333,4.35,4,4,1,3
271,33,"2009-01-24 13:45:00","LA SEYNE SUR MER",43.1,5.88333,4,4,4,2
272,49,"2009-01-20 07:40:00",TOULON,43.1167,5.93333,3,4,3,2
273,65,"2009-01-23 12:00:00",TOULON,43.1167,5.93333,3,7,3,2
274,49,"2009-01-22 07:00:00","ST SEVER DE SAINTONGE",45.6939,-0.508333,3,7,1,3
275,49,"2009-01-02 19:24:00",PERIGNY,46.15,-1.08333,4,4,1,4
276,68,"2009-01-13 10:40:00","LA ROCHELLE",46.1667,-1.15,4,4,1,2
277,35,"2009-01-01 03:10:00","LA ROCHELLE",46.1667,-1.15,4,4,1,4
278,56,"2009-01-15 18:00:00","ST JEAN D ANGELY",45.95,-0.516667,4,4,1,4
279,63,"2009-01-24 17:00:00","ST SULPICE DE ROYAN",45.6667,-1.01667,4,4,1,4
280,39,"2009-01-20 00:15:00",POUANCAY,47.0833,-0.083333,4,4,1,4
281,37,"2009-02-06 14:45:00",POITIERS,46.5833,0.333333,4,4,1,2
282,53,"2009-02-25 10:30:00","MASEVAUX NIEDERBRUCK",47.7833,7,4,4,1,2
283,50,"2009-01-02 18:30:00",NANCY,48.6833,6.2,3,7,1,4
284,75,"2009-01-25 13:53:00","VILLERS LES NANCY",48.6667,6.15,4,4,1,2
285,51,"2009-01-28 05:37:00","ST BRICE COURCELLES",49.2614,3.98584,5,4,5,4
286,37,"2009-01-16 16:15:00",FAGNIERES,48.9667,4.31667,4,8,5,1
287,37,"2009-01-16 16:15:00",FAGNIERES,48.9667,4.31667,4,8,1,1
288,32,"2009-02-28 13:00:00","PONT AUDEMER",49.35,0.516667,4,4,1,2
289,53,"2009-02-02 09:30:00","CORNEVILLE SUR RISLE",49.3333,0.616667,1,2,1,2
290,75,"2009-02-13 19:15:00","LA ROCHELLE",46.1667,-1.15,4,4,1,4
291,50,"2009-02-26 19:03:00","LA ROCHELLE",46.1667,-1.15,4,4,1,4
292,43,"2009-01-09 17:15:00",SALLANCHES,45.9333,6.63333,1,8,1,4
293,57,"2009-02-14 19:00:00",SALLANCHES,45.9333,6.63333,4,4,1,4
294,75,"2009-02-27 17:30:00","ST CERGUES",46.2333,6.31667,4,4,1,2
295,49,"2009-02-03 11:15:00","NEUVILLE SUR SEINE",48.0333,4.41667,2,2,1,2
296,70,"2009-03-11 09:00:00",BRIONNE,49.2,0.716667,4,4,4,2
297,58,"2009-03-17 17:30:00","HOUVILLE EN VEXIN",49.3,1.35,4,4,1,2
298,57,"2009-01-04 07:10:00",SARCELLES,49,2.38333,4,4,1,4
299,61,"2009-01-04 00:40:00",PONTOISE,49.05,2.1,2,2,3,4
300,73,"2009-01-12 14:25:00","CORMEILLES EN PARISIS",48.9833,2.2,4,8,1,2
301,59,"2009-01-12 14:25:00","CORMEILLES EN PARISIS",48.9833,2.2,4,8,1,2
302,64,"2009-01-29 06:00:00",SARCELLES,49,2.38333,4,4,1,1
303,91,"2009-01-06 16:30:00",LUNEL,43.6833,4.13333,4,4,1,2
304,34,"2009-01-04 15:30:00","MONTFERRIER SUR LEZ",43.6667,3.85,4,4,1,2
305,34,"2009-01-09 21:10:00",MONTPELLIER,43.6,3.88333,3,7,1,4
306,56,"2009-01-09 21:10:00",MONTPELLIER,43.6,3.88333,3,7,1,4
307,38,"2009-01-28 15:40:00",MONTPELLIER,43.6,3.88333,4,4,2,2
308,85,"2009-01-30 10:00:00",PORNIC,47.1167,-2.1,4,4,1,2
309,48,"2009-01-20 11:30:00",GILOCOURT,49.3,2.88333,1,8,1,2
310,47,"2009-02-20 20:00:00","MAUGES SUR LOIRE",47.35,-0.85,4,4,2,3
311,77,"2009-02-25 19:45:00","ST DIONISY",43.8,4.23333,4,4,2,3
312,38,"2009-01-17 04:45:00",ROCBARON,43.3,6.08333,3,4,1,3
313,68,"2009-01-12 08:45:00","LE THOU",46.0833,-0.916667,1,5,1,2
314,54,"2009-01-28 14:45:00","LE GUA",45.7333,-0.95,4,4,1,2
315,35,"2009-02-19 06:30:00",HEIMERSDORF,47.5667,7.25,5,4,2,2
316,75,"2009-02-13 19:30:00","NUAILLE D AUNIS",46.2167,-0.933333,4,4,1,3
317,35,"2009-01-10 06:45:00","REIGNIER ESERY",46.1333,6.26667,4,4,4,1
318,36,"2009-03-16 06:00:00","ST GEORGES D AURAC",45.15,3.53333,4,4,1,2
319,35,"2009-02-04 06:45:00",PRIGONRIEUX,44.85,0.4,3,7,3,3
320,32,"2009-01-18 17:00:00","SEMOUTIERS MONTSAON",48.0589,5.05695,3,2,2,3
321,83,"2009-02-28 14:50:00",SALLENOVES,46,6,4,4,1,2
322,34,"2009-02-22 18:45:00",VAUDEMANGE,49.0833,4.21667,3,4,3,3
323,38,"2009-02-24 17:45:00","TALUS ST PRIX",48.8333,3.75,4,4,4,3
324,34,"2009-03-26 14:45:00","BOURG BEAUDOUIN",49.3864,1.30695,3,7,3,2
325,34,"2009-01-18 18:45:00","LA ROCHEPOT",46.95,4.68333,3,5,1,3
326,53,"2009-01-20 15:45:00","ST JEAN DE CUCULLES",43.75,3.83333,4,4,1,2
327,35,"2009-01-19 08:30:00",OLONZAC,43.2667,2.73333,4,4,1,2
328,36,"2009-01-07 05:45:00",QUEVEN,47.7833,-3.41667,4,4,2,3
329,54,"2009-01-26 07:15:00",RUFFIAC,47.8167,-2.28333,1,5,1,2
330,33,"2009-01-10 19:00:00","FORGES DE LANOUEE",48,-2.58333,4,4,1,3
331,34,"2009-02-08 05:45:00","PORT ST PERE",47.1333,-1.75,4,4,1,3
332,29,"2009-02-22 05:15:00",PLESSE,47.5333,-1.88333,4,4,2,3
333,53,"2009-02-21 17:00:00",VALLET,47.1667,-1.26667,4,4,2,2
334,71,"2009-02-25 15:45:00","ST JEAN LA POTERIE",47.6333,-2.13333,4,4,1,2
335,109,"2009-02-18 10:15:00","CLOYES LES TROIS RIVIERES",48,1.23333,4,4,1,2
336,35,"2009-03-01 15:45:00","ROCHEFORT DU GARD",43.9667,4.68333,6,4,1,2
337,31,"2009-03-03 19:30:00",TOURRETTES,43.6234,6.70223,4,4,2,3
338,97,"2009-01-02 09:50:00",LAVAUFRANCHE,46.3167,2.26667,4,4,1,2
339,80,"2009-03-26 06:30:00","FERE CHAMPENOISE",48.75,3.98333,4,4,1,1
340,54,"2009-04-17 15:00:00",THORIGNY,46.6167,-1.25,4,4,2,2
341,34,"2009-02-03 07:00:00",MANTHELAN,47.1333,0.783333,1,4,1,1
342,55,"2009-03-27 13:00:00","LOIRON RUILLE",48.0667,-0.933333,4,9,2,2
343,36,"2009-03-08 17:30:00",PRESILLY,46.55,5.58333,3,7,3,1
344,73,"2009-04-11 13:30:00",PLIVOT,49.0167,4.06667,4,4,1,2
345,91,"2009-04-11 13:30:00",PLIVOT,49.0167,4.06667,4,4,1,2
346,40,"2009-03-13 05:15:00",BUZIET,43.1333,-0.466667,4,4,1,3
347,47,"2009-03-17 10:30:00","ST JEAN DE CHEVELU",45.7,5.83333,4,4,1,2
348,83,"2009-04-06 11:00:00","MASEVAUX NIEDERBRUCK",47.7833,7,4,4,1,2
349,46,"2009-02-21 18:00:00","LABASTIDE ST GEORGES",43.7,1.81667,4,4,4,4
350,53,"2009-01-14 07:45:00",PANNECE,47.4833,-1.23333,1,1,1,1
351,44,"2009-01-30 10:00:00",PORNIC,47.1167,-2.1,4,4,1,2
352,57,"2009-01-06 16:00:00","ST GENIX LES VILLAGES",45.6,5.63333,2,2,1,2
353,60,"2009-01-30 13:45:00","RIA SIRACH",42.6084,2.39972,4,4,1,2
354,38,"2009-01-31 19:00:00","ST LAURENT DE LA SALANQUE",42.7667,2.98333,3,3,1,3
355,58,"2009-01-16 22:15:00",UR,42.4667,1.93333,4,4,1,3
356,29,"2009-02-18 16:45:00",SOUVIGNE,45.9667,0.066667,4,4,2,2
357,58,"2009-01-30 09:00:00","MAEL PESTIVIEN",48.3833,-3.3,4,4,1,2
358,48,"2009-01-21 08:15:00",LOPEREC,48.2833,-4.05,1,4,1,2
359,42,"2009-01-22 12:00:00","ST PABU",48.5659,3.39723,4,4,2,2
360,44,"2009-01-02 13:15:00","ST GOAZEC",48.1667,-3.78333,1,5,1,2
361,59,"2009-01-10 04:30:00","MOUZEUIL ST MARTIN",46.4659,-0.984722,4,4,1,3
362,56,"2009-01-10 04:30:00","MOUZEUIL ST MARTIN",46.4659,-0.984722,4,4,1,3
363,68,"2009-01-12 13:00:00",MORGANX,43.6167,-0.566667,4,4,1,2
364,58,"2009-01-12 13:00:00",MORGANX,43.6167,-0.566667,4,4,1,2
365,59,"2009-01-06 17:15:00",RENUNG,43.75,-0.35,2,2,1,3
366,69,"2009-01-07 07:30:00","LE TILLEUL LAMBERT",49.0833,0.95,1,2,1,1
367,36,"2009-01-09 15:30:00",NOYERS,49.2667,1.38333,2,2,1,2
368,33,"2009-01-09 19:00:00",GUICHAINVILLE,48.9833,1.19167,4,5,1,3
369,73,"2009-01-11 11:00:00",MENNEVAL,49.1,0.616667,4,4,1,2
370,33,"2009-01-21 17:30:00",HEUDEBOUVILLE,49.2,1.25,4,4,2,3
371,74,"2009-01-12 13:45:00","ST CHRISTOPHE VALLON",44.4833,2.4,1,6,1,2
372,38,"2009-01-15 20:30:00","CHARGEY LES GRAY",47.4833,5.58333,3,4,1,3
373,82,"2009-01-15 20:30:00","CHARGEY LES GRAY",47.4833,5.58333,3,4,1,3
374,57,"2009-01-05 17:15:00","ST LYE LA FORET",48.05,1.98333,2,2,1,3
375,50,"2009-01-15 07:15:00","LA SELLE EN HERMOY",48.0167,2.9,1,5,1,2
376,64,"2009-01-20 11:30:00",GILOCOURT,49.3,2.88333,1,8,1,2
377,74,"2009-01-05 11:45:00","CIRES LES MELLO",49.2667,2.36667,2,2,1,2
378,61,"2009-01-18 20:30:00",DIONS,43.9333,4.31667,4,4,1,3
379,61,"2009-01-09 16:00:00",WINKEL,47.4667,7.26667,5,4,1,2
380,76,"2009-01-09 16:00:00",WINKEL,47.4667,7.26667,5,4,4,2
381,49,"2009-01-05 13:00:00",WIDENSOLEN,48.0625,7.48001,1,5,1,2
382,51,"2009-01-12 16:15:00","ST AMARIN",47.8833,7.01667,4,4,1,2
383,92,"2009-01-30 13:45:00",WITTELSHEIM,47.8167,7.25,4,4,1,2
384,60,"2009-01-10 13:30:00",RETZWILLER,47.6333,7.1,4,4,1,2
385,75,"2009-01-20 05:15:00","LA MOTTE TILLY",48.4667,3.43333,1,5,6,3
386,35,"2009-01-09 18:00:00",CINTHEAUX,49.05,-0.283333,4,4,1,3
387,40,"2009-01-09 18:00:00",CINTHEAUX,49.05,-0.283333,4,4,1,3
388,72,"2009-01-14 05:45:00","FONTENAY LE PESNEL",49.1667,-0.583333,1,5,1,1
389,92,"2009-01-13 12:30:00","PONT L EVEQUE",49.3,0.183333,3,7,1,2
390,36,"2009-01-15 07:15:00",PIPRIAC,47.8167,-1.95,4,1,1,1
391,34,"2009-01-17 09:00:00",RANNEE,47.9167,-1.23333,3,4,1,2
392,81,"2009-01-17 09:00:00",RANNEE,47.9167,-1.23333,3,4,1,2
393,31,"2009-01-14 08:00:00","LE PETIT FOUGERAY",47.9333,-1.6,1,1,2,1
394,60,"2009-01-26 10:30:00",ERBREE,48.1,-1.11667,3,4,1,2
395,39,"2009-01-05 08:30:00","ST AUBIN DU CORMIER",48.2667,-1.4,1,5,1,2
396,44,"2009-01-05 08:30:00","ST AUBIN DU CORMIER",48.2667,-1.4,1,5,1,2
397,71,"2009-01-05 14:45:00","RIVES DU LOIR EN ANJOU",47.55,-0.416667,2,2,1,2
398,55,"2009-01-07 19:30:00","HUILLE LEZIGNE",47.6333,-0.283333,1,2,1,3
399,41,"2009-01-07 19:30:00","HUILLE LEZIGNE",47.6333,-0.283333,1,2,1,3
400,38,"2009-01-12 06:30:00","MURS ERIGNE",47.4,-0.55,1,5,1,3
401,75,"2009-01-12 06:30:00","MURS ERIGNE",47.4,-0.55,1,5,1,3
402,35,"2009-01-23 09:30:00",ETRICHE,47.65,-0.433333,3,6,1,2
403,49,"2009-02-28 09:00:00","MONTREUIL BELLAY",47.1333,-0.15,4,4,2,2
404,91,"2009-02-06 18:55:00",SAUMUR,47.2667,-0.083333,4,4,1,3
405,93,"2009-02-06 18:55:00",SAUMUR,47.2667,-0.083333,4,4,1,3
406,61,"2009-02-06 18:55:00",SAUMUR,47.2667,-0.083333,4,4,1,3
407,22,"2009-02-06 18:55:00",SAUMUR,47.2667,-0.083333,4,4,1,3
408,20,"2009-02-06 18:55:00",SAUMUR,47.2667,-0.083333,4,4,1,3
409,88,"2009-01-22 09:15:00",MANDUEL,43.8167,4.46667,4,4,2,2
410,53,"2009-01-25 10:15:00","ST MARTIN DE VALGALGUES",44.1667,4.08333,4,4,1,2
411,69,"2009-01-04 03:45:00","ST ANDRE DE ROQUEPERTUIS",44.2333,4.45,4,4,1,3
412,82,"2009-01-10 06:45:00",LANGLADE,43.8,4.25,4,4,1,1
413,40,"2009-02-27 18:30:00",LEZAN,44.0167,4.05,4,4,1,3
414,35,"2009-02-27 18:30:00",LEZAN,44.0167,4.05,4,4,1,3
415,98,"2009-01-12 14:30:00",ROCBARON,43.3,6.08333,3,4,1,2
416,79,"2009-01-30 22:45:00",TESSON,45.6333,-0.65,4,4,1,3
417,92,"2009-01-28 14:45:00","LE GUA",45.7333,-0.95,4,4,1,2
418,54,"2009-02-23 10:45:00",MOSTUEJOULS,44.2,3.18333,3,8,1,2
419,68,"2009-01-30 20:30:00","VOUNEUIL SOUS BIARD",46.5833,0.266667,4,4,1,3
420,37,"2009-02-21 14:00:00","MAREUIL SUR CHER",47.2833,1.33333,4,4,2,2
421,63,"2009-01-16 10:45:00",VARENNES,44.8333,0.666667,4,4,1,2
422,30,"2009-01-18 08:30:00","ST ASTIER",45.1453,0.528056,4,4,3,2
423,38,"2009-02-19 06:30:00",HEIMERSDORF,47.5667,7.25,5,4,1,2
424,56,"2009-02-05 06:30:00","RUMERSHEIM LE HAUT",47.85,7.51667,1,5,1,1
425,37,"2009-02-05 06:30:00","RUMERSHEIM LE HAUT",47.85,7.51667,1,5,1,1
426,48,"2009-02-01 18:45:00",LONGUYON,49.4333,5.6,3,4,3,3
427,36,"2009-02-01 18:45:00",LONGUYON,49.4333,5.6,3,4,1,3
428,64,"2009-02-06 17:15:00","VANDOEUVRE LES NANCY",48.65,6.18333,3,8,1,1
429,36,"2009-02-24 12:15:00","ST NICOLAS DE PORT",48.6333,6.3,3,4,2,2
430,66,"2009-02-27 06:45:00",CUTRY,49.4833,5.75,3,8,1,2
431,37,"2009-02-27 06:45:00",CUTRY,49.4833,5.75,3,8,1,2
432,86,"2009-02-17 13:45:00","ROCHE EN REGNIER",45.2167,3.93333,3,1,1,2
433,40,"2009-01-09 16:45:00","VILLERS ALLERAND",49.1667,4.01667,3,8,1,3
434,37,"2009-01-23 19:15:00",VINAY,49.0167,3.9,3,8,2,3
435,58,"2009-02-02 10:45:00",BOURTH,48.7667,0.816667,2,2,1,2
436,42,"2009-02-13 19:30:00","NUAILLE D AUNIS",46.2167,-0.933333,4,4,1,3
437,38,"2009-02-27 10:00:00","DOMPIERRE SUR MER",46.1833,-1.06667,4,4,2,2
438,65,"2009-01-10 06:45:00","REIGNIER ESERY",46.1333,6.26667,4,4,1,1
439,50,"2009-03-11 18:30:00",MONTAMISE,46.6167,0.433333,4,4,1,3
440,64,"2009-02-06 16:15:00","ST PIERRE DE CHIGNAC",45.1333,0.85,6,7,2,2
441,58,"2009-02-04 06:45:00",PRIGONRIEUX,44.85,0.4,3,7,1,3
442,70,"2009-02-13 13:30:00",HAUTEFORT,45.25,1.15,4,4,1,2
443,48,"2009-01-15 15:30:00",VALCOURT,48.6167,4.9,4,4,1,2
444,81,"2009-02-01 09:30:00",BRUCAMPS,50.0667,2.05,4,4,1,2
445,61,"2009-02-01 09:30:00",BRUCAMPS,50.0667,2.05,4,4,1,2
446,80,"2009-02-12 07:45:00",MARNAZ,46.0667,6.53333,2,2,1,2
447,95,"2009-02-10 18:45:00",POLISY,48.0667,4.46667,4,4,1,3
448,55,"2009-02-28 15:00:00",LAGRAVE,43.9,2,4,4,2,2
449,88,"2009-02-04 16:30:00",RABASTENS,43.8333,1.75,4,4,1,2
450,69,"2009-03-15 17:30:00","STE CROIX",43.9667,2.06667,4,4,1,2
451,70,"2009-02-22 18:45:00",VAUDEMANGE,49.0833,4.21667,3,4,1,3
452,33,"2009-02-22 18:45:00",VAUDEMANGE,49.0833,4.21667,3,4,1,3
453,32,"2009-02-22 18:45:00",VAUDEMANGE,49.0833,4.21667,3,4,1,3
454,59,"2009-02-09 06:55:00","CHALONS EN CHAMPAGNE",48.9583,4.36667,4,4,1,1
455,58,"2009-02-07 18:15:00","VERNOUX EN GATINE",46.6333,-0.516667,3,8,1,3
456,42,"2009-02-07 18:15:00","VERNOUX EN GATINE",46.6333,-0.516667,3,8,1,3
457,56,"2009-03-26 14:45:00","BOURG BEAUDOUIN",49.3864,1.30695,3,7,1,2
458,66,"2009-01-08 06:15:00","VAL SUZON",47.4167,4.9,1,5,1,1
459,56,"2009-01-26 13:00:00","ST NICOLAS LES CITEAUX",47.1167,5.05,5,5,1,2
460,74,"2009-01-14 19:00:00",FAUVERNEY,47.25,5.15,3,7,1,3
461,34,"2009-01-16 07:00:00","PONT ET MASSENE",47.4667,4.36667,1,5,1,1
462,43,"2009-01-16 07:00:00","PONT ET MASSENE",47.4667,4.36667,1,5,1,1
463,64,"2009-01-27 17:15:00","MURVIEL LES MONTPELLIER",43.6167,3.73333,4,4,4,3
464,53,"2009-01-23 18:15:00","VIC LA GARDIOLE",43.4833,3.8,4,4,1,3
465,49,"2009-01-20 15:45:00","ST JEAN DE CUCULLES",43.75,3.83333,4,4,1,2
466,53,"2009-01-28 18:45:00",SERVIAN,43.4167,3.3,4,4,4,3
467,68,"2009-01-19 08:30:00",OLONZAC,43.2667,2.73333,4,4,1,2
468,40,"2009-01-16 18:45:00","L UNION",43.6667,1.48333,4,4,2,4
469,74,"2009-01-07 07:45:00",LAVALETTE,43.6333,1.6,4,8,1,2
470,53,"2009-01-26 19:30:00","QUINT FONSEGRIVES",43.5848,1.52611,3,7,2,3
471,41,"2009-01-21 01:30:00",TOULOUSE,43.6,1.43333,4,4,1,4
472,40,"2009-01-30 17:30:00","LA VRAIE CROIX",47.6833,-2.55,4,4,2,1
473,35,"2009-01-26 07:15:00",RUFFIAC,47.8167,-2.28333,1,5,1,2
474,49,"2009-01-10 19:00:00","FORGES DE LANOUEE",48,-2.58333,4,4,1,3
475,86,"2009-01-08 11:00:00","THEIX NOYALO",47.6333,-2.66667,1,8,1,2
476,34,"2009-02-08 05:45:00","PORT ST PERE",47.1333,-1.75,4,4,1,3
477,61,"2009-01-31 18:15:00","ST SORNIN LAVOLPS",45.3833,1.36667,4,4,7,4
478,69,"2009-02-16 16:30:00","ST GILLES",43.6833,4.43333,4,4,1,1
479,57,"2009-02-16 16:30:00","ST GILLES",43.6833,4.43333,4,4,1,1
480,74,"2009-02-18 10:15:00","CLOYES LES TROIS RIVIERES",48,1.23333,4,4,1,2
481,86,"2009-02-25 15:30:00",NAVES,45.3167,1.76667,4,4,2,2
482,52,"2009-03-19 20:01:00",SAUMUR,47.2667,-0.083333,4,4,1,1
483,30,"2009-03-23 17:15:00",ROUSSON,44.2,4.15,4,4,2,2
484,65,"2009-03-01 15:45:00","ROCHEFORT DU GARD",43.9667,4.68333,6,4,1,2
485,43,"2009-01-09 08:15:00",JUZANVIGNY,48.4167,4.58333,1,8,1,2
486,67,"2009-01-09 08:15:00",JUZANVIGNY,48.4167,4.58333,1,8,1,2
487,16,"2009-02-25 16:45:00",EPAGNE,48.4,4.46667,4,4,8,2
488,19,"2009-02-25 16:45:00",EPAGNE,48.4,4.46667,4,4,8,2
489,21,"2009-02-25 16:45:00",EPAGNE,48.4,4.46667,4,4,1,2
490,18,"2009-02-25 16:45:00",EPAGNE,48.4,4.46667,4,4,8,2
491,44,"2009-02-25 16:45:00",EPAGNE,48.4,4.46667,4,4,1,2
492,33,"2009-03-23 17:15:00",FULIGNY,48.3333,4.7,4,4,2,2
493,41,"2009-03-31 20:45:00","EAUX PUISEAUX",48.1167,3.88333,4,4,1,3
494,58,"2009-03-31 20:45:00","EAUX PUISEAUX",48.1167,3.88333,4,4,1,3
495,36,"2009-03-19 17:45:00",SPOY,48.2333,4.61667,4,4,1,2
496,43,"2009-03-28 17:00:00","PRECY ST MARTIN",48.4167,4.45,3,7,1,2
497,35,"2009-03-28 17:00:00","PRECY ST MARTIN",48.4167,4.45,3,7,1,2
498,48,"2009-03-09 19:00:00","ST JULIEN LES VILLAS",48.2667,4.1,4,4,1,3
499,62,"2009-03-07 02:45:00",GUILLAUCOURT,49.85,2.63333,4,4,1,3
500,39,"2009-03-01 18:30:00",CREVECHAMPS,48.5333,6.26667,4,4,2,3
501,60,"2009-03-01 18:30:00",CREVECHAMPS,48.5333,6.26667,4,4,1,3
502,56,"2009-03-22 13:00:00","RAYOL CANADEL SUR MER",43.1587,6.46167,4,4,2,2
503,48,"2009-03-22 13:00:00","RAYOL CANADEL SUR MER",43.1587,6.46167,4,4,2,2
504,40,"2009-03-03 19:30:00",TOURRETTES,43.6234,6.70223,4,4,4,3
505,70,"2009-03-08 14:15:00","STE MAXIME",43.3,6.63333,4,4,1,2
506,84,"2009-03-08 14:15:00","STE MAXIME",43.3,6.63333,4,4,1,2
507,103,"2009-03-12 11:00:00",TOURVES,43.4,5.93333,4,4,1,2
508,39,"2009-01-10 17:45:00",PIONNAT,46.1667,2.01667,4,4,1,3
509,30,"2009-02-09 13:15:00",THUIR,42.6333,2.75,4,4,2,2
510,29,"2009-02-22 14:30:00",UR,42.4667,1.93333,4,4,2,2
511,34,"2009-02-07 09:45:00",VINCA,42.65,2.53333,4,4,1,2
512,81,"2009-02-07 09:45:00",VINCA,42.65,2.53333,4,4,1,2
513,48,"2009-03-22 14:45:00","ST ETIENNE AU TEMPLE",49.0167,4.41667,4,4,2,2
514,68,"2009-02-12 10:00:00",MONTGEARD,43.3333,1.61667,3,8,1,2
515,96,"2009-02-17 18:00:00",MOYVILLERS,49.4167,2.65,4,5,1,3
516,86,"2009-03-25 08:45:00","CHOISY LA VICTOIRE",49.3833,2.58333,3,7,1,2
517,77,"2009-03-31 09:30:00",PERPIGNAN,42.6833,2.88333,3,3,1,2
518,61,"2009-02-05 14:15:00","MESNARD LA BAROTIERE",46.8667,-1.1,4,4,2,2
519,33,"2009-02-12 20:00:00",CHANVERRIE,46.9667,-1,4,4,1,3
520,54,"2009-03-08 18:00:00","NIEUL LE DOLENT",46.5833,-1.51667,4,4,1,3
521,42,"2009-03-19 17:15:00","NIEUL LE DOLENT",46.5833,-1.51667,4,4,1,1
522,64,"2009-03-19 17:15:00","NIEUL LE DOLENT",46.5833,-1.51667,4,4,1,1
523,34,"2009-03-02 17:00:00",VOUVANT,46.5667,-0.783333,4,4,1,2
524,79,"2009-03-02 17:00:00",VOUVANT,46.5667,-0.783333,4,4,1,2
525,92,"2009-01-28 09:30:00",PLOBSHEIM,48.4667,7.71667,4,1,1,2
526,81,"2009-01-16 22:15:00",MUTZIG,48.5333,7.46667,3,1,1,3
527,70,"2009-01-23 08:30:00",TONNEINS,44.3833,0.316667,3,7,1,2
528,68,"2009-02-03 07:00:00",MANTHELAN,47.1333,0.783333,1,4,1,1
529,40,"2009-01-31 19:45:00","LES ROUSSES",46.4833,6.06667,1,8,1,3
530,108,"2009-01-15 09:30:00",VAUDREY,46.9833,5.61667,4,1,1,2
531,67,"2009-02-24 12:00:00","LA LOYE",47.0333,5.56667,4,4,1,2
532,33,"2009-03-08 17:30:00",PRESILLY,46.55,5.58333,3,7,1,1
533,40,"2009-03-13 12:30:00",JEURRE,46.3667,5.71667,4,4,1,2
534,41,"2009-03-25 19:35:00",DOLE,47.1,5.5,4,4,1,3
535,65,"2009-01-25 11:15:00",URRUGNE,43.3583,-1.7,3,9,1,2
536,40,"2009-04-11 13:30:00",PLIVOT,49.0167,4.06667,4,4,1,2
537,71,"2009-04-11 13:30:00",PLIVOT,49.0167,4.06667,4,4,1,2
538,96,"2009-04-11 13:30:00",PLIVOT,49.0167,4.06667,4,4,1,2
539,82,"2009-04-11 13:30:00",PLIVOT,49.0167,4.06667,4,4,1,2
540,91,"2009-03-05 11:00:00","ST PEE SUR NIVELLE",43.35,-1.55,3,3,1,2
541,67,"2009-03-05 11:00:00","ST PEE SUR NIVELLE",43.35,-1.55,3,3,1,2
542,77,"2009-02-10 08:00:00","MEILHAN SUR GARONNE",44.5167,0.033333,3,7,1,2
543,100,"2009-03-13 13:00:00","VABRES L ABBAYE",43.9333,2.85,4,4,1,2
544,35,"2009-03-28 12:15:00","ST REMY",44.4,2.03333,6,8,1,2
545,60,"2009-01-17 14:02:00",ROUBAIX,50.7,3.16667,3,4,3,2
546,44,"2009-01-17 14:02:00",ROUBAIX,50.7,3.16667,3,4,3,2
547,58,"2009-01-05 14:30:00",ROUBAIX,50.7,3.16667,4,8,9,2
548,97,"2009-01-29 15:40:00",NIEPPE,50.7,2.83333,4,4,1,2
549,67,"2009-01-29 17:15:00",DIMECHAUX,50.2,4.03333,4,4,1,1
550,50,"2009-01-29 17:15:00",DIMECHAUX,50.2,4.03333,4,4,1,1
551,91,"2009-02-13 17:00:00",WATTRELOS,50.7,3.21667,4,4,3,4
552,63,"2009-02-05 15:45:00",CROIX,50.6667,3.15,4,4,3,2
553,35,"2009-02-26 19:30:00",MAING,50.3,3.48333,4,4,1,3
554,55,"2009-02-26 20:55:00",ROUBAIX,50.7,3.16667,4,4,3,4
555,21,"2009-02-28 09:30:00","LYS LEZ LANNOY",50.6714,3.21445,4,4,10,2
556,48,"2009-02-28 09:30:00","LYS LEZ LANNOY",50.6714,3.21445,4,4,3,2
557,19,"2009-02-28 09:30:00","LYS LEZ LANNOY",50.6714,3.21445,4,4,10,2
558,49,"2009-02-28 09:30:00","LYS LEZ LANNOY",50.6714,3.21445,4,4,3,2
559,30,"2009-04-24 09:00:00",LAGEON,46.7333,-0.25,4,4,2,2
560,53,"2009-04-28 16:15:00","LA ROCHENARD",46.2,-0.583333,3,4,1,2
561,58,"2009-04-28 16:15:00","LA ROCHENARD",46.2,-0.583333,3,4,1,2
562,51,"2009-02-13 07:30:00","ST LANGIS LES MORTAGNE",48.5167,0.533333,3,7,1,1
563,73,"2009-02-02 13:15:00",CHARENCEY,48.65,0.766667,3,4,1,2
564,67,"2009-01-20 18:00:00",CREMIEU,45.7167,5.25,3,4,1,3
565,41,"2009-01-16 18:00:00","LE PONT DE CLAIX",45.1167,5.7,4,4,2,3
566,50,"2009-01-06 15:45:00","ST QUENTIN FALLAVIER",45.6333,5.11667,2,2,1,2
567,73,"2009-01-27 19:15:00","LA VERPILLIERE",45.6333,5.15,4,4,1,3
568,69,"2009-02-13 15:00:00","PIERRE CHATEL",44.95,5.76667,5,4,1,2
569,43,"2009-02-08 18:45:00","REVENTIN VAUGRIS",45.4667,4.83333,4,4,1,4
570,57,"2009-04-02 10:15:00",PRECHAC,42.9923,-0.0730556,4,4,1,2
571,34,"2009-01-05 13:45:00",MASSEUBE,43.4333,0.583333,4,4,1,2
572,51,"2009-01-29 08:30:00",POLASTRON,43.5312,0.844722,3,1,1,2
573,29,"2009-04-22 12:15:00","ST GEORGES DE LUZENCON",44.0667,2.98333,4,4,2,2
574,57,"2009-04-03 14:25:00","VILLENEUVE SUR LOT",44.4,0.716667,3,3,1,2
575,50,"2009-04-23 22:15:00","STE GEMME MARTAILLAC",44.3667,0.15,4,4,1,3
576,41,"2009-02-16 07:00:00",VOGLANS,45.6333,5.9,4,4,1,2
577,34,"2009-02-13 15:45:00","ST PANCRACE",45.2667,6.33333,4,6,2,2
578,72,"2009-02-22 15:15:00","FONTCOUVERTE LA TOUSSUIRE",45.2464,6.30251,1,2,1,2
579,70,"2009-02-05 11:45:00","ST GEORGES SUR ARNON",47,2.1,4,4,1,2
580,60,"2009-02-21 07:15:00","PALLUAU SUR INDRE",46.95,1.31667,4,1,1,2
581,104,"2009-04-22 15:15:00",LESPERON,43.9667,-1.08333,4,4,1,2
582,57,"2009-04-22 15:15:00",LESPERON,43.9667,-1.08333,4,4,1,2
583,34,"2009-03-18 16:15:00","GRESY SUR AIX",45.7167,5.95,4,4,1,2
584,98,"2009-03-16 14:30:00",MURON,46.0333,-0.833333,4,4,1,2
585,46,"2009-03-26 06:45:00","ST OUEN D AUNIS",46.2167,-1.03333,4,4,1,2
586,46,"2009-03-26 06:45:00","ST OUEN D AUNIS",46.2167,-1.03333,4,4,1,2
587,98,"2009-04-04 10:45:00","STEINBRUNN LE BAS",47.675,7.36667,4,4,1,2
588,58,"2009-04-19 13:00:00",RAEDERSDORF,47.4667,7.36667,4,4,2,2
589,104,"2009-04-24 08:00:00","ST AULAIRE",45.2333,1.36667,4,4,1,2
590,49,"2009-01-21 06:55:00",PERPIGNAN,42.6833,2.88333,4,4,2,2
591,41,"2009-01-10 17:45:00","MAREUIL SUR LAY DISSAIS",46.5345,0.782223,4,4,2,4
592,33,"2009-01-02 16:15:00",VINEUIL,47.5833,1.38333,4,4,2,4
593,37,"2009-01-07 21:15:00",SICKERT,47.7833,6.98333,1,5,1,4
594,31,"2009-01-06 16:44:00",NIMES,43.8333,4.35,4,4,2,1
595,28,"2009-02-13 13:15:00",MONTFAUCON,44.0833,4.75,4,4,7,2
596,43,"2009-01-19 09:00:00",VARAGES,43.6,5.96667,3,8,1,2
597,70,"2009-01-19 09:00:00",VARAGES,43.6,5.96667,3,8,1,2
598,35,"2009-01-22 07:00:00","ST SEVER DE SAINTONGE",45.6939,-0.508333,3,7,2,3
599,30,"2009-01-15 18:00:00","ST JEAN D ANGELY",45.95,-0.516667,4,4,2,4
600,36,"2009-01-31 07:30:00",THAIRE,46.0667,-1,4,4,1,2
601,31,"2009-01-24 17:00:00","ST SULPICE DE ROYAN",45.6667,-1.01667,4,4,2,4
602,64,"2009-01-20 00:15:00",POUANCAY,47.0833,-0.083333,4,4,1,4
603,81,"2009-02-25 10:30:00","MASEVAUX NIEDERBRUCK",47.7833,7,4,4,1,2
604,76,"2009-01-26 07:15:00",DAMELEVIERES,48.55,6.38333,4,4,1,2
605,54,"2009-01-28 05:37:00","ST BRICE COURCELLES",49.2614,3.98584,5,4,1,4
606,34,"2009-01-16 16:15:00",FAGNIERES,48.9667,4.31667,4,8,2,1
607,48,"2009-02-13 19:00:00",GAILLON,49.1667,1.33333,4,4,1,4
608,51,"2009-02-02 09:30:00","CORNEVILLE SUR RISLE",49.3333,0.616667,1,2,1,2
609,79,"2009-01-09 17:15:00",SALLANCHES,45.9333,6.63333,1,8,1,4
610,37,"2009-03-04 18:30:00","STE FLORINE",45.4,3.33333,4,4,2,4
611,55,"2009-03-04 18:30:00","STE FLORINE",45.4,3.33333,4,4,1,4
612,30,"2009-02-14 19:00:00",SALLANCHES,45.9333,6.63333,4,4,2,4
613,71,"2009-02-27 21:30:00",CLEREY,48.2,4.2,4,4,1,3
614,67,"2009-02-03 11:15:00","NEUVILLE SUR SEINE",48.0333,4.41667,2,2,4,2
615,58,"2009-02-21 18:00:00","LABASTIDE ST GEORGES",43.7,1.81667,4,4,1,4
616,72,"2009-03-11 09:00:00",BRIONNE,49.2,0.716667,4,4,2,2
617,55,"2009-03-17 17:30:00","HOUVILLE EN VEXIN",49.3,1.35,4,4,1,2
618,39,"2009-01-29 06:00:00",SARCELLES,49,2.38333,4,4,2,1
619,41,"2009-01-06 16:30:00",LUNEL,43.6833,4.13333,4,4,2,2
620,34,"2009-01-04 15:30:00","MONTFERRIER SUR LEZ",43.6667,3.85,4,4,1,2
621,35,"2009-01-13 20:48:00",MONTPELLIER,43.6,3.88333,4,4,2,4
622,32,"2009-01-17 19:00:00",SERIGNAN,43.2833,3.28333,4,4,2,4
623,48,"2009-01-06 10:30:00","ST GENIX LES VILLAGES",45.6,5.63333,2,2,1,2
624,34,"2009-01-30 13:45:00","RIA SIRACH",42.6084,2.39972,4,4,1,2
625,71,"2009-01-16 22:15:00",UR,42.4667,1.93333,4,4,1,3
626,70,"2009-01-30 09:00:00","MAEL PESTIVIEN",48.3833,-3.3,4,4,1,2
627,49,"2009-01-05 17:15:00","ST LYE LA FORET",48.05,1.98333,2,2,1,3
628,64,"2009-01-31 06:45:00",PREVENCHERES,44.5167,3.91667,1,1,1,1
629,53,"2009-01-15 21:15:00",MORIENVAL,49.3,2.93333,5,4,1,3
630,45,"2009-01-09 15:45:00",ROTANGY,49.5833,2.08333,1,2,1,2
631,44,"2009-01-05 11:45:00","CIRES LES MELLO",49.2667,2.36667,2,2,1,2
632,75,"2009-01-05 11:45:00","CIRES LES MELLO",49.2667,2.36667,2,2,1,2
633,53,"2009-01-08 08:00:00",FROCOURT,49.3833,2.08333,1,2,1,2
634,57,"2009-01-05 19:45:00",PEYROLLES,44.1167,3.83333,4,4,1,3
635,49,"2009-01-18 20:30:00",DIONS,43.9333,4.31667,4,4,1,3
636,67,"2009-01-30 13:45:00",WITTELSHEIM,47.8167,7.25,4,4,1,2
637,66,"2009-01-20 05:15:00","LA MOTTE TILLY",48.4667,3.43333,1,5,1,3
638,39,"2009-01-14 05:45:00","FONTENAY LE PESNEL",49.1667,-0.583333,1,5,1,1
639,36,"2009-01-13 12:30:00","PONT L EVEQUE",49.3,0.183333,3,7,1,2
640,64,"2009-01-14 08:30:00",MATHIEU,49.25,-0.366667,1,5,1,2
641,38,"2009-01-14 08:30:00",MATHIEU,49.25,-0.366667,1,5,1,2
642,76,"2009-01-20 14:00:00","ST AVIT",43.5167,2.1,4,4,1,2
643,63,"2009-01-15 07:15:00",PIPRIAC,47.8167,-1.95,4,1,1,1
644,68,"2009-01-25 10:15:00","ST MARTIN DE VALGALGUES",44.1667,4.08333,4,4,1,2
645,36,"2009-01-04 03:45:00","ST ANDRE DE ROQUEPERTUIS",44.2333,4.45,4,4,1,3
646,48,"2009-01-12 07:30:00","ST JEAN DE VALERISCLE",44.2333,4.13333,3,6,1,2
647,76,"2009-02-25 19:45:00","ST DIONISY",43.8,4.23333,4,4,1,3
648,37,"2009-01-27 04:15:00",TIGNES,45.5,6.91667,2,2,1,3
649,53,"2009-01-12 14:30:00",ROCBARON,43.3,6.08333,3,4,1,2
650,82,"2009-01-12 08:45:00","LE THOU",46.0833,-0.916667,1,5,1,2
651,63,"2009-01-16 10:45:00",VARENNES,44.8333,0.666667,4,4,1,2
652,51,"2009-01-28 15:45:00",ECROUVES,48.6833,5.85,4,4,1,2
653,24,"2009-01-28 15:45:00",ECROUVES,48.6833,5.85,4,4,1,2
654,64,"2009-02-24 12:15:00","ST NICOLAS DE PORT",48.6333,6.3,3,4,3,2
655,65,"2009-02-12 06:30:00",GRAZAC,45.1833,4.18333,3,4,1,1
656,74,"2009-02-17 13:45:00","ROCHE EN REGNIER",45.2167,3.93333,3,1,1,2
657,58,"2009-01-23 19:15:00",VINAY,49.0167,3.9,3,8,1,3
658,38,"2009-01-09 05:15:00",REYVROZ,46.3333,6.56667,3,5,1,4
659,43,"2009-01-09 05:15:00",REYVROZ,46.3333,6.56667,3,5,1,4
660,60,"2009-01-15 15:30:00",VALCOURT,48.6167,4.9,4,4,1,2
661,64,"2009-02-12 07:45:00",MARNAZ,46.0667,6.53333,2,2,1,2
662,35,"2009-02-12 17:45:00",VACHERESSE,46.3333,6.68333,2,2,1,3
663,36,"2009-02-10 18:45:00",POLISY,48.0667,4.46667,4,4,1,3
664,40,"2009-02-04 16:30:00",RABASTENS,43.8333,1.75,4,4,1,2
665,33,"2009-03-15 17:30:00","STE CROIX",43.9667,2.06667,4,4,1,2
666,34,"2009-02-22 18:45:00",VAUDEMANGE,49.0833,4.21667,3,4,1,3
667,29,"2009-02-22 18:45:00",VAUDEMANGE,49.0833,4.21667,3,4,1,3
668,40,"2009-02-24 17:45:00","TALUS ST PRIX",48.8333,3.75,4,4,1,3
669,47,"2009-01-08 06:15:00","VAL SUZON",47.4167,4.9,1,5,1,1
670,35,"2009-01-18 18:45:00","LA ROCHEPOT",46.95,4.68333,3,5,1,3
671,51,"2009-01-23 18:15:00","VIC LA GARDIOLE",43.4833,3.8,4,4,1,3
672,73,"2009-01-11 14:30:00",SAUTEYRARGUES,43.8333,3.91667,4,6,1,2
673,48,"2009-02-02 11:30:00","ST DIZIER",48.6333,4.95,3,7,1,2
674,60,"2009-01-07 07:45:00",LAVALETTE,43.6333,1.6,4,8,1,2
675,36,"2009-01-26 19:30:00","QUINT FONSEGRIVES",43.5848,1.52611,3,7,1,3
676,45,"2009-01-21 01:30:00",TOULOUSE,43.6,1.43333,4,4,1,4
677,30,"2009-03-31 12:05:00",SAUMUR,47.2667,-0.083333,4,4,2,2
678,30,"2009-03-31 12:05:00",SAUMUR,47.2667,-0.083333,4,4,2,2
679,87,"2009-03-24 16:45:00","LONGUE JUMELLES",47.3781,-0.108056,4,4,2,2
680,86,"2009-03-24 16:45:00","LONGUE JUMELLES",47.3781,-0.108056,4,4,2,2
681,45,"2009-02-12 06:50:00","OSSEY LES TROIS MAISONS",48.4333,3.75,2,2,1,1
682,34,"2009-03-19 17:45:00",SPOY,48.2333,4.61667,4,4,1,2
683,55,"2009-03-08 19:15:00","LUCHE THOUARSAIS",46.9,-0.333333,3,7,1,3
684,34,"2009-03-07 18:40:00","LA SEYNE SUR MER",43.1,5.88333,4,4,2,3
685,46,"2009-03-12 11:00:00",TOURVES,43.4,5.93333,4,4,1,2
686,66,"2009-03-01 10:15:00","FONTAINE CHAALIS",49.1667,2.68333,4,4,2,2
687,27,"2009-03-01 10:15:00","FONTAINE CHAALIS",49.1667,2.68333,4,4,2,2
688,33,"2009-03-31 09:30:00",PERPIGNAN,42.6833,2.88333,3,3,1,2
689,36,"2009-03-31 09:30:00",PERPIGNAN,42.6833,2.88333,3,3,1,2
690,74,"2009-03-31 09:30:00",PERPIGNAN,42.6833,2.88333,3,3,1,2
691,64,"2009-03-22 06:30:00",TORREILLES,42.75,2.98333,4,4,1,2
692,39,"2009-03-22 06:30:00",TORREILLES,42.75,2.98333,4,4,1,2
693,39,"2009-02-12 20:00:00",CHANVERRIE,46.9667,-1,4,4,1,3
694,70,"2009-03-05 18:00:00","STE FLAIVE DES LOUPS",46.6167,-1.58333,4,4,1,3
695,65,"2009-03-05 18:00:00","STE FLAIVE DES LOUPS",46.6167,-1.58333,4,4,1,3
696,81,"2009-03-09 15:16:00","LA ROCHE SUR YON",46.6667,-1.43333,4,4,1,2
697,61,"2009-01-16 22:15:00",MUTZIG,48.5333,7.46667,3,1,1,3
698,52,"2009-03-18 16:30:00",LOUVIGNE,48.0667,-0.633333,4,4,1,2
699,39,"2009-01-31 19:45:00","LES ROUSSES",46.4833,6.06667,1,8,1,3
700,62,"2009-03-13 12:30:00",JEURRE,46.3667,5.71667,4,4,1,2
701,34,"2009-03-19 17:30:00","LAVANS LES DOLE",47.15,5.63333,4,4,1,2
702,80,"2009-01-25 11:15:00",URRUGNE,43.3583,-1.7,3,9,1,2
703,37,"2009-02-09 05:50:00",HENDAYE,43.3583,-1.775,3,3,2,3
704,77,"2009-03-28 12:30:00","ST PEE SUR NIVELLE",43.35,-1.55,3,3,1,2
705,49,"2009-02-10 08:00:00","MEILHAN SUR GARONNE",44.5167,0.033333,3,7,1,2
706,33,"2009-02-26 19:30:00",MAING,50.3,3.48333,4,4,1,3
707,34,"2009-04-29 11:40:00",HENDAYE,43.3583,-1.775,3,3,1,2
708,61,"2009-02-02 13:15:00",CHARENCEY,48.65,0.766667,3,4,1,2
709,36,"2009-01-16 21:30:00","LE PONT DE CLAIX",45.1167,5.7,4,4,1,3
710,34,"2009-01-16 21:30:00","LE PONT DE CLAIX",45.1167,5.7,4,4,1,3
711,49,"2009-01-06 15:45:00","ST QUENTIN FALLAVIER",45.6333,5.11667,2,2,1,2
712,41,"2009-02-16 05:45:00",LAFFREY,45.0333,5.76667,1,5,1,1
713,55,"2009-02-13 15:00:00","PIERRE CHATEL",44.95,5.76667,5,4,1,2
714,72,"2009-02-08 18:45:00","REVENTIN VAUGRIS",45.4667,4.83333,4,4,1,4
715,56,"2009-02-05 18:30:00",MONTEYNARD,44.9667,5.7,3,3,1,3
716,59,"2009-02-21 04:30:00",GRENOBLE,45.1667,5.71667,3,4,1,4
717,60,"2009-02-21 04:30:00",GRENOBLE,45.1667,5.71667,3,4,1,4
718,68,"2009-04-18 19:45:00","ST CLEMENT DES LEVEES",47.3333,-0.183333,4,4,1,3
719,55,"2009-04-20 12:00:00",IBOS,43.2333,0.00166667,4,4,1,2
720,30,"2009-04-20 12:00:00",IBOS,43.2333,0.00166667,4,4,1,2
721,55,"2009-04-20 12:00:00",IBOS,43.2333,0.00166667,4,4,1,2
722,51,"2009-01-05 13:45:00",MASSEUBE,43.4333,0.583333,4,4,1,2
723,36,"2009-01-05 13:45:00",MASSEUBE,43.4333,0.583333,4,4,1,2
724,83,"2009-01-26 16:15:00",NOGARO,43.7667,-0.033333,3,7,1,2
725,53,"2009-01-26 16:15:00",NOGARO,43.7667,-0.033333,3,7,4,2
726,70,"2009-04-03 14:25:00","VILLENEUVE SUR LOT",44.4,0.716667,3,3,1,2
727,39,"2009-04-30 15:15:00","PONT DU CASSE",44.2333,0.683333,3,7,1,2
728,44,"2009-02-05 11:45:00","ST GEORGES SUR ARNON",47,2.1,4,4,1,2
729,46,"2009-02-21 07:15:00","PALLUAU SUR INDRE",46.95,1.31667,4,1,1,2
730,52,"2009-03-01 19:00:00",COURCOURY,45.7167,-0.583333,4,4,2,3
731,52,"2009-04-04 10:45:00","STEINBRUNN LE BAS",47.675,7.36667,4,4,1,2
732,93,"2009-01-18 17:00:00",THUIR,42.6333,2.75,4,4,1,2
733,33,"2009-01-18 17:00:00",THUIR,42.6333,2.75,4,4,2,2
734,41,"2009-01-30 21:15:00","ST BRIEUC",48.5167,-2.78333,4,4,1,4
735,39,"2009-01-30 21:15:00","ST BRIEUC",48.5167,-2.78333,4,4,1,4
736,30,"2009-01-24 18:00:00",PLUGUFFAN,47.9833,-4.18333,4,4,2,1
737,40,"2009-01-11 17:25:00","ST MARTIN DES CHAMPS",48.5833,-3.83333,4,4,1,4
738,48,"2009-01-11 17:25:00","ST MARTIN DES CHAMPS",48.5833,-3.83333,4,4,1,4
739,46,"2009-01-11 17:25:00","ST MARTIN DES CHAMPS",48.5833,-3.83333,4,4,1,4
740,16,"2009-01-11 17:25:00","ST MARTIN DES CHAMPS",48.5833,-3.83333,4,4,1,4
741,49,"2009-01-03 17:50:00",SARAN,47.95,1.88333,4,4,3,4
742,57,"2009-01-10 16:05:00",ORLEANS,47.9167,1.9,4,4,3,2
743,56,"2009-01-09 13:30:00","FLEURY LES AUBRAIS",47.9333,1.91667,4,4,1,2
744,50,"2009-01-15 07:00:00",SARAN,47.95,1.88333,1,4,1,1
745,37,"2009-01-20 19:15:00","FRESNOY LA RIVIERE",49.2833,2.91667,3,4,1,4
746,49,"2009-01-10 16:45:00",VINEUIL,47.5833,1.38333,2,2,1,4
747,92,"2009-01-10 08:30:00","VIEUX THANN",47.8,7.13333,4,4,1,2
748,33,"2009-01-09 17:45:00",INGERSHEIM,48.1,7.3,4,4,2,4
749,15,"2009-01-31 21:00:00","ST MALO",48.65,-2.01667,4,4,8,4
750,43,"2009-01-01 19:45:00",RENNES,48.0833,-1.68333,4,4,1,4
751,62,"2009-02-06 13:40:00",SAUMUR,47.2667,-0.083333,4,4,1,2
752,40,"2009-01-25 13:00:00","ST CHRISTOL LEZ ALES",44.0833,4.08333,4,4,1,2
753,36,"2009-01-25 13:00:00","ST CHRISTOL LEZ ALES",44.0833,4.08333,4,4,1,2
754,42,"2009-02-11 19:35:00","VILLENEUVE LES AVIGNON",43.9664,4.79584,4,4,1,4
755,31,"2009-01-24 13:45:00","LA SEYNE SUR MER",43.1,5.88333,4,4,2,2
756,45,"2009-01-28 19:30:00","LA SEYNE SUR MER",43.1,5.88333,4,4,2,4
757,35,"2009-01-28 19:30:00","LA SEYNE SUR MER",43.1,5.88333,4,4,2,4
758,56,"2009-01-20 07:40:00",TOULON,43.1167,5.93333,3,4,3,2
759,66,"2009-01-02 19:24:00",PERIGNY,46.15,-1.08333,4,4,2,4
760,87,"2009-01-01 03:10:00","LA ROCHELLE",46.1667,-1.15,4,4,1,4
761,80,"2009-01-01 03:10:00","LA ROCHELLE",46.1667,-1.15,4,4,1,4
762,31,"2009-02-06 14:45:00",POITIERS,46.5833,0.333333,4,4,2,2
763,39,"2009-01-02 18:30:00",NANCY,48.6833,6.2,3,7,1,4
764,34,"2009-01-26 07:15:00",DAMELEVIERES,48.55,6.38333,4,4,1,2
765,47,"2009-01-25 13:53:00","VILLERS LES NANCY",48.6667,6.15,4,4,1,2
766,85,"2009-02-23 15:35:00",LAXOU,48.6833,6.15,3,7,1,2
767,66,"2009-02-23 15:35:00",LAXOU,48.6833,6.15,3,7,1,2
768,36,"2009-01-16 16:15:00",FAGNIERES,48.9667,4.31667,4,8,2,1
769,62,"2009-02-13 19:00:00",GAILLON,49.1667,1.33333,4,4,1,4
770,89,"2009-02-10 08:39:00",SAINTES,45.75,-0.633333,3,4,1,2
771,53,"2009-02-10 08:39:00",SAINTES,45.75,-0.633333,3,4,1,2
772,71,"2009-02-13 19:15:00","LA ROCHELLE",46.1667,-1.15,4,4,2,4
773,77,"2009-02-26 19:03:00","LA ROCHELLE",46.1667,-1.15,4,4,2,4
774,36,"2009-01-04 07:10:00",SARCELLES,49,2.38333,4,4,2,4
775,40,"2009-01-04 00:40:00",PONTOISE,49.05,2.1,2,2,3,4
776,40,"2009-01-04 00:40:00",PONTOISE,49.05,2.1,2,2,3,4
777,39,"2009-01-04 00:40:00",PONTOISE,49.05,2.1,2,2,3,4
778,61,"2009-01-12 14:25:00","CORMEILLES EN PARISIS",48.9833,2.2,4,8,1,2
779,56,"2009-01-09 21:10:00",MONTPELLIER,43.6,3.88333,3,7,1,4
780,40,"2009-01-28 15:40:00",MONTPELLIER,43.6,3.88333,4,4,2,2
781,34,"2009-01-28 15:40:00",MONTPELLIER,43.6,3.88333,4,4,7,2
782,38,"2009-01-30 19:30:00",MONTPELLIER,43.6,3.88333,4,4,1,4
783,81,"2009-01-27 16:21:00",MONTPELLIER,43.6,3.88333,4,4,1,2
784,58,"2009-02-02 15:10:00",CHAUMONT,48.1167,5.13333,4,4,1,2
785,61,"2009-03-17 18:45:00","SAINTS GEOSMES",47.8333,5.33333,4,4,1,3
786,57,"2009-01-21 04:15:00",TOULOUSE,43.6,1.43333,4,4,1,4
787,34,"2009-01-31 01:40:00",TOULOUSE,43.6,1.43333,4,4,3,4
788,52,"2009-01-23 22:10:00",TOULOUSE,43.6,1.43333,3,7,1,4
789,67,"2009-01-23 22:10:00",TOULOUSE,43.6,1.43333,3,7,1,4
790,89,"2009-01-30 16:00:00",MALESTROIT,47.8167,-2.38333,4,4,1,2
791,46,"2009-03-06 11:30:00",LESTERPS,46.0167,0.783333,4,4,1,2
792,61,"2009-03-07 16:10:00",SAUMUR,47.2667,-0.083333,4,4,3,2
793,57,"2009-03-18 12:30:00",MILHAUD,43.7833,4.3,4,4,1,2
794,34,"2009-01-16 17:15:00",VOUGREY,48.0833,4.23333,4,7,1,5
795,15,"2009-01-30 08:00:00","MOLINS SUR AUBE",48.4333,4.38333,4,4,8,2
796,38,"2009-03-24 19:05:00",LAXOU,48.6833,6.15,4,4,1,1
797,64,"2009-03-28 17:45:00","CHARMES LA COTE",48.6333,5.83333,4,4,1,2
798,61,"2009-03-03 10:10:00","LA SEYNE SUR MER",43.1,5.88333,4,4,3,2
799,57,"2009-03-09 10:30:00",TOULON,43.1167,5.93333,4,4,3,2
800,44,"2009-03-03 18:05:00",TOULON,43.1167,5.93333,4,4,3,4
801,45,"2009-02-26 17:15:00","FONT ROMEU ODEILLO VIA",42.4983,2.03472,4,4,1,2
802,38,"2009-02-03 17:45:00",TOULOUSE,43.6,1.43333,4,4,1,4
803,63,"2009-02-14 15:45:00",FLEURINES,49.25,2.58333,4,4,1,2
804,38,"2009-03-27 19:00:00","BREUIL LE VERT",49.3667,2.43333,3,7,1,2
805,73,"2009-03-20 08:30:00",CATENOY,49.3833,2.5,4,4,1,2
806,72,"2009-03-18 19:00:00",HENONVILLE,49.2,2.05,4,4,1,3
807,75,"2009-03-01 11:00:00","L ILE D YEU",46.7242,1.65167,4,4,1,2
808,41,"2009-03-06 23:05:00","LA ROCHE SUR YON",46.6667,-1.43333,4,4,1,4
809,33,"2009-03-06 23:05:00","LA ROCHE SUR YON",46.6667,-1.43333,4,4,1,4
810,35,"2009-03-06 23:05:00","LA ROCHE SUR YON",46.6667,-1.43333,4,4,1,4
811,55,"2009-03-11 14:00:00",USSEL,45.55,2.31667,4,4,1,2
812,78,"2009-01-30 12:45:00",STRASBOURG,48.5833,7.75,4,4,1,2
813,50,"2009-01-13 14:45:00",MARMANDE,44.5,0.166667,4,4,1,2
814,40,"2009-03-22 20:15:00","ST MICHEL DE LA ROE",47.8833,-1.13333,4,4,1,4
815,78,"2009-04-21 17:15:00",DESNES,46.7667,5.46667,4,4,1,2
816,33,"2009-04-27 16:45:00","ST AMOUR",46.4333,5.35,4,4,1,2
817,69,"2009-01-10 16:20:00",LESCAR,43.3333,-0.416667,4,4,3,2
818,51,"2009-01-10 21:30:00",PAU,43.3,-0.366667,2,4,1,4
819,59,"2009-01-23 14:15:00","STE ENGRACE",43,-0.816667,3,4,1,2
820,57,"2009-01-28 08:00:00",USTARITZ,43.4,-1.45,3,7,1,2
821,42,"2009-04-11 11:45:00","VILLERS MARMERY",49.1333,4.2,4,4,1,2
822,22,"2009-04-15 11:45:00","ISLES SUR SUIPPE",49.35,4.2,4,4,1,2
823,42,"2009-02-02 01:00:00",HENDAYE,43.3583,-1.775,4,4,1,4
824,53,"2009-02-02 06:29:00",BAYONNE,43.4833,-1.48333,3,4,1,4
825,38,"2009-04-19 08:00:00",URRUGNE,43.3583,-1.7,4,4,1,2
826,58,"2009-04-29 12:45:00",BIARRITZ,43.4833,-1.56667,4,4,1,2
827,42,"2009-04-30 06:30:00",HASPARREN,43.3833,-1.3,4,6,1,2
828,90,"2009-03-23 16:30:00","MARCILLAC VALLON",44.4667,2.46667,4,4,1,2
829,37,"2009-01-31 12:30:00","ST JANS CAPPEL",50.7667,2.71667,4,4,1,2
830,71,"2009-01-10 18:25:00","SIN LE NOBLE",50.3667,3.11667,4,4,1,4
831,62,"2009-01-30 14:45:00",LECELLES,50.4667,3.4,4,6,1,2
832,41,"2009-01-06 11:00:00",CYSOING,50.5667,3.21667,4,4,1,2
833,78,"2009-01-27 14:00:00",MAUBEUGE,50.2833,3.96667,4,4,1,2
834,57,"2009-02-17 11:15:00",MAUBEUGE,50.2833,3.96667,3,7,1,2
835,59,"2009-04-05 13:00:00",NIORT,46.3167,-0.466667,4,4,1,2
836,35,"2009-04-04 11:15:00",MELLE,46.2167,-0.133333,4,4,1,2
837,40,"2009-04-13 17:30:00",REIMS,49.25,4.03333,4,4,2,2
838,51,"2009-02-10 16:00:00",GRENOBLE,45.1667,5.71667,4,4,1,2
839,50,"2009-02-10 16:00:00",GRENOBLE,45.1667,5.71667,4,4,5,2
840,34,"2009-03-12 22:25:00",TARBES,43.2333,0.083333,4,4,1,4
841,70,"2009-03-13 11:30:00",MUNSTER,48.05,7.13333,4,4,1,2
842,82,"2009-03-18 17:00:00",ILLZACH,47.7833,7.33333,4,4,1,2
843,47,"2009-03-28 10:45:00",ILLZACH,47.7833,7.33333,3,7,1,2
844,66,"2009-03-05 18:15:00",TONNEINS,44.3833,0.316667,3,4,1,1
845,43,"2009-03-22 14:25:00",ROYAN,45.6333,-1.03333,4,4,1,2
846,36,"2009-03-22 14:25:00",ROYAN,45.6333,-1.03333,4,4,2,2
847,40,"2009-03-01 18:15:00",ROCHEFORT,45.9333,-0.983333,4,4,1,4
848,45,"2009-03-26 18:00:00",SURGERES,46.1,-0.75,4,4,3,2
849,51,"2009-04-02 15:30:00",RICHWILLER,47.7833,7.28333,4,4,1,2
850,64,"2009-04-21 15:15:00",LAPOUTROIE,48.15,7.16667,4,4,1,2
851,75,"2009-04-30 04:45:00",TAGSDORF,47.6333,7.3,4,4,1,2
852,34,"2009-02-13 20:25:00",MONTMORENCY,49,2.33333,4,4,1,4
853,56,"2009-02-14 16:00:00",EAUBONNE,49,2.28333,4,4,1,2
854,54,"2009-04-24 08:00:00","ST AULAIRE",45.2333,1.36667,4,4,11,2
855,34,"2009-04-29 17:45:00","ST VIANCE",45.2167,1.45,4,7,1,2
856,43,"2009-01-29 06:30:00",GAILLERES,43.9333,-0.366667,4,1,1,2
857,74,"2009-02-08 11:15:00",GEAUNE,43.65,-0.383333,3,8,1,2
858,58,"2009-02-02 06:45:00",MIMIZAN,44.2,-1.23333,3,5,1,1
859,70,"2009-03-05 07:15:00",CONDOM,43.9667,0.366667,3,7,1,2
860,59,"2009-01-17 06:15:00",LABEUVILLE,49.1,5.8,4,4,1,1
861,32,"2009-03-25 21:45:00","JANVILLE EN BEAUCE",48.2,1.88333,4,4,1,3
862,67,"2009-03-20 18:30:00","ROUVRAY ST DENIS",48.2667,1.93333,4,4,1,1
863,34,"2009-03-21 13:30:00",LURAY,48.7167,1.4,4,4,1,2
864,78,"2009-03-21 13:30:00",LURAY,48.7167,1.4,4,4,1,2
865,76,"2009-03-21 13:30:00",LURAY,48.7167,1.4,4,4,1,2
866,58,"2009-04-03 07:15:00",MAILLEBOIS,48.6333,1.15,3,1,1,2
867,68,"2009-01-22 15:45:00",XERTIGNY,48.05,6.4,3,7,1,1
868,61,"2009-01-06 19:00:00",FERDRUPT,47.9,6.74288,1,5,1,3
869,58,"2009-02-23 17:10:00",EPINAL,48.1833,6.45,3,7,1,3
870,63,"2009-04-17 10:30:00",DOMVALLIER,48.3167,6.08333,4,4,1,2
871,67,"2009-04-11 17:15:00",VAGNEY,48.0167,6.71667,4,4,1,2
872,44,"2009-04-29 15:00:00",XAMONTARUPT,48.1333,6.65,4,4,1,2
873,35,"2009-04-07 08:45:00","LEGEVILLE ET BONFAYS",48.1833,6.15,4,4,1,2
874,97,"2009-04-17 14:45:00",VALFROICOURT,48.2,6.1,4,4,1,2
875,38,"2009-03-25 13:15:00","LES FORGES",48.1833,6.38333,3,2,1,2
876,44,"2009-03-01 16:15:00",SOUILLAC,44.9,1.48333,3,7,1,2
877,52,"2009-03-03 07:30:00","LE VIGAN",44.75,1.43333,4,6,1,2
878,59,"2009-02-07 14:30:00","COLOMBIER FONTAINE",47.45,6.7,3,2,1,2
879,86,"2009-02-07 14:30:00","COLOMBIER FONTAINE",47.45,6.7,3,2,1,2
880,62,"2009-02-17 21:30:00",LARNOD,47.1833,5.96667,3,8,1,3
881,59,"2009-02-10 19:30:00",THISE,47.2833,6.08333,3,8,1,3
882,46,"2009-04-10 17:45:00",HAMPIGNY,48.45,4.6,4,4,1,2
883,58,"2009-02-22 11:30:00","PLAIMPIED GIVAUDINS",47,2.45,4,4,1,2
884,56,"2009-03-13 00:10:00",VIENNE,45.5167,4.86667,4,4,1,4
885,65,"2009-03-07 14:00:00",IZEAUX,45.3333,5.41667,4,4,1,2
886,55,"2009-03-06 18:00:00","ST LAURENT EN BEAUMONT",44.8833,5.85,2,9,1,3
887,40,"2009-03-17 17:45:00",PARMILIEU,45.8333,5.35,4,4,1,1
888,74,"2009-03-09 12:30:00",CHOUZELOT,47.1,5.9,2,2,1,2
889,64,"2009-03-24 19:15:00","LA CHAUX",47.0167,6.43333,2,2,1,3
890,29,"2009-03-15 18:15:00",QUINGEY,47.1,5.88333,4,4,12,3
891,68,"2009-04-20 14:45:00",MAICHE,47.25,6.8,4,4,1,2
892,58,"2009-04-29 10:15:00","VAUX ET CHANTEGRUE",46.8,6.25,4,4,1,2
893,45,"2009-04-30 14:15:00",VILLERABLE,47.75,1.03333,4,4,1,2
894,65,"2009-02-26 05:15:00","LA FERTE ST AUBIN",47.7167,1.93333,4,4,3,3
895,71,"2009-02-06 14:30:00",OLIVET,47.8667,1.9,4,4,3,2
896,40,"2009-04-06 15:00:00","LA DOUZE",45.0667,0.866667,4,4,1,2
897,46,"2009-04-15 08:30:00",MENSIGNAC,45.2167,0.566667,3,3,3,2
898,88,"2009-03-08 13:45:00","SAVIGNY EN SANCERRE",47.4333,2.81667,3,7,1,2
899,41,"2009-04-04 20:20:00",MONTFERRER,42.4333,2.56667,4,4,1,3
900,89,"2009-04-04 14:45:00","VERNOU SUR BRENNE",47.4167,0.85,4,4,1,2
901,34,"2009-05-28 12:15:00",ITEUIL,46.4833,0.316667,4,4,1,2
902,33,"2009-05-19 12:30:00",YVERSAY,46.7,0.216667,4,6,1,2
903,72,"2009-05-24 10:45:00",LOURQUEN,43.7333,-0.783333,4,4,1,2
904,51,"2009-04-19 15:15:00","SANARY SUR MER",43.1167,5.8,4,4,1,2
905,44,"2009-05-22 21:00:00","ST CYR SUR MER",43.1833,5.71667,4,4,1,3
906,92,"2009-05-17 09:00:00",RAMATUELLE,43.2167,6.61667,4,4,1,2
907,77,"2009-05-17 20:30:00","SOLLIES PONT",43.1833,6.05,4,4,1,3
908,73,"2009-05-23 08:15:00",TOURVES,43.4,5.93333,4,4,1,2
909,54,"2009-01-30 18:15:00",IBIGNY,48.65,6.9,4,9,1,3
910,49,"2009-01-25 05:00:00",VRY,49.1833,6.33333,1,1,1,1
911,38,"2009-05-22 15:15:00","VILLEFRANCHE DE ROUERGUE",44.35,2.05,4,4,1,2
912,56,"2009-05-22 13:15:00",REQUISTA,44.0333,2.53333,4,4,1,2
913,35,"2009-05-13 16:30:00","VERSOLS ET LAPEYRE",43.9,2.95,3,8,1,2
914,35,"2009-03-23 17:15:00","ST SEINE SUR VINGEANNE",47.5167,5.43333,4,4,1,3
915,67,"2009-04-11 08:15:00","LA ROCHEPOT",46.95,4.68333,4,4,1,2
916,73,"2009-04-01 16:15:00","PERRIGNY LES DIJON",47.2667,5,4,4,1,2
917,74,"2009-04-01 16:15:00","PERRIGNY LES DIJON",47.2667,5,4,4,1,2
918,93,"2009-05-08 07:30:00","SAVIGNY LES BEAUNE",47.0667,4.81667,4,4,1,2
919,38,"2009-04-25 18:55:00",CHAUMONT,48.1167,5.13333,6,4,1,4
920,70,"2009-02-12 17:30:00",BOUSSE,49.2833,6.2,4,4,3,3
921,34,"2009-03-04 12:15:00","ST OUEN SUR GARTEMPE",46.1667,1.06667,3,4,1,2
922,69,"2009-03-04 12:15:00","ST OUEN SUR GARTEMPE",46.1667,1.06667,3,4,1,2
923,37,"2009-03-21 12:25:00",THIONVILLE,49.3667,6.16667,4,4,1,2
924,42,"2009-03-27 16:00:00",DALSTEIN,49.3,6.4,4,4,1,2
925,70,"2009-03-07 06:00:00","LONGEVILLE LES ST AVOLD",49.1167,6.63333,1,5,1,2
926,33,"2009-03-09 21:00:00",VOLSTROFF,49.3,6.26667,3,8,3,3
927,34,"2009-03-09 21:00:00",VOLSTROFF,49.3,6.26667,3,8,3,3
928,54,"2009-05-31 02:30:00",DOMINOIS,50.3333,1.85,4,4,1,3
929,46,"2009-04-13 15:35:00","LE PALAIS SUR VIENNE",45.8667,1.31667,4,4,1,2
930,48,"2009-04-09 14:00:00","PONT AUDEMER",49.35,0.516667,4,4,1,2
931,62,"2009-04-19 07:45:00","LA HARENGERE",49.2333,1,4,4,1,2
932,67,"2009-05-26 19:45:00","LA MEMBROLLE SUR CHOISILLE",47.4381,0.639444,4,4,1,1
933,39,"2009-05-03 03:15:00",THEILLAY,47.3167,2.04029,4,4,1,3
934,66,"2009-01-09 15:15:00",IGORNAY,47.05,4.38333,4,4,1,2
935,40,"2009-01-14 09:45:00","NEUVY GRANDCHAMP",46.5833,3.93333,1,8,5,2
936,71,"2009-02-05 08:45:00",RECLESNE,47.0333,4.26667,1,1,1,2
937,85,"2009-04-15 06:00:00","GROSSETO PRUGNA",41.8714,8.96362,4,4,1,2
938,80,"2009-05-22 14:15:00",JULLIANGES,45.3,3.78333,4,4,1,2
939,55,"2009-05-23 10:30:00","STE MARIE AUX MINES",48.25,7.18333,4,4,1,2
940,35,"2009-03-14 23:30:00",MARLENHEIM,48.6167,7.5,4,4,1,3
941,62,"2009-03-31 05:15:00",MARLENHEIM,48.6167,7.5,4,4,1,1
942,85,"2009-03-15 15:30:00",WEYER,48.85,7.16667,4,4,1,2
943,39,"2009-03-19 19:30:00",LAUNAGUET,43.6833,1.45,4,4,1,3
944,51,"2009-03-14 19:15:00",RIEUMES,43.4167,1.11667,4,4,1,4
945,50,"2009-05-14 07:45:00","QUIERS SUR BEZONDE",48,2.43333,4,4,1,2
946,53,"2009-05-25 12:15:00","FRESNAY L EVEQUE",48.2667,1.81667,4,4,1,2
947,68,"2009-05-25 12:30:00","ERMENONVILLE LA GRANDE",48.3333,1.38333,4,4,1,2
948,64,"2009-01-01 07:07:00","LA TESTE DE BUCH",44.6343,-1.13704,3,4,1,2
949,90,"2009-02-06 15:00:00",HAUX,44.7333,-0.383333,4,4,1,2
950,56,"2009-03-04 11:00:00",CURSAN,44.8,-0.316667,3,7,3,2
951,47,"2009-06-20 00:15:00","ST NICOLAS DES MOTETS",47.5833,1.03333,4,4,1,3
952,73,"2009-06-20 00:15:00","ST NICOLAS DES MOTETS",47.5833,1.03333,4,4,1,3
953,52,"2009-05-21 21:00:00",MELLERAN,46.1333,0.00138889,4,4,1,3
954,67,"2009-05-11 05:00:00",MAYENNE,48.3,-0.616667,3,4,1,2
955,83,"2009-04-01 10:45:00",LOUVERNE,48.1333,-0.7,4,4,1,2
956,50,"2009-04-29 16:15:00","VIMARTIN SUR ORTHE",48.2167,-0.2,4,4,1,2
957,76,"2009-04-11 12:45:00","ST CLAR DE RIVIERE",43.4667,1.21667,3,7,1,2
958,52,"2009-03-18 14:00:00",TIVIERS,45.0667,3.16667,4,4,1,2
959,49,"2009-05-12 11:00:00","ST FELIX LAURAGAIS",43.45,1.9,4,4,1,2
960,90,"2009-06-04 15:00:00","GAMARDE LES BAINS",43.7333,-0.866667,4,4,1,2
961,49,"2009-06-13 16:45:00",GABARRET,43.9833,0.016667,4,4,1,2
962,65,"2009-04-03 16:00:00",LUXEY,44.2667,-0.516667,4,4,1,2
963,23,"2009-02-02 16:30:00","PLOUNEVEZ QUINTIN",48.2833,-3.23333,4,4,1,1
964,49,"2009-02-02 16:30:00","PLOUNEVEZ QUINTIN",48.2833,-3.23333,4,4,1,1
965,17,"2009-02-02 16:30:00","PLOUNEVEZ QUINTIN",48.2833,-3.23333,4,4,1,1
966,40,"2009-04-30 16:30:00","LA COUARDE SUR MER",46.2,-1.4,4,4,1,2
967,69,"2009-04-24 16:00:00","DOLUS D OLERON",45.9112,0.739168,4,4,1,2
968,70,"2009-06-16 09:15:00",MENET,45.3167,2.58333,4,4,1,2
969,61,"2009-05-26 05:15:00",LECTOURE,43.9333,0.616667,4,4,1,1
970,37,"2009-03-07 18:00:00",MARNAY,47.2833,5.76667,4,4,1,3
971,69,"2009-05-17 09:45:00","GONTAUD DE NOGARET",44.4564,0.295,4,4,1,2
972,76,"2009-05-04 13:15:00","ST VITE",44.4833,0.966667,4,4,3,2
973,55,"2009-05-06 10:15:00","MIRAMONT DE GUYENNE",44.6,0.366667,4,4,1,2
974,72,"2009-05-21 06:30:00","GRESY SUR AIX",45.7167,5.95,4,4,1,2
975,80,"2009-06-08 15:45:00",TREMONS,44.4167,0.916667,4,8,3,2
976,54,"2009-06-10 07:00:00","PONT DU CASSE",44.2333,0.683333,4,4,1,2
977,91,"2009-06-29 12:15:00",MONFLANQUIN,44.5333,0.766667,4,4,1,2
978,35,"2009-06-30 05:45:00","ST PIERRE DE BUZET",44.25,0.266667,4,4,3,2
979,70,"2009-04-30 15:45:00","FLEURY LA MONTAGNE",46.2,4.13333,4,4,1,2
980,60,"2009-04-13 19:00:00",ECUISSES,46.75,4.53333,4,4,1,1
981,52,"2009-04-04 18:00:00",NANTON,46.6167,4.8,4,4,1,1
982,55,"2009-04-12 11:45:00",MANIGOD,45.8667,6.36667,4,4,1,2
983,37,"2009-04-19 15:45:00",EXCENEVEX,46.35,6.35,4,4,1,2
984,37,"2009-04-27 07:15:00",MESIGNY,45.9833,6,3,7,1,2
985,49,"2009-05-30 15:00:00",CHOYE,47.3833,5.75,4,4,1,2
986,94,"2009-05-19 10:45:00",MENOUX,47.8,6.1,4,4,1,2
987,50,"2009-05-08 02:30:00",MOIMAY,47.55,6.41667,4,4,1,3
988,50,"2009-01-27 09:45:00","JUVIGNY LES VALLEES",48.6833,-1.01667,3,1,1,2
989,75,"2009-01-26 06:15:00","ST BARTHELEMY",48.6833,-0.95,1,5,1,3
990,52,"2009-04-17 18:00:00",BRASSEUSE,49.2667,2.68333,4,4,1,2
991,55,"2009-04-17 18:00:00",BRASSEUSE,49.2667,2.68333,4,4,1,2
992,73,"2009-01-03 14:45:00","LES ESSARTS LE ROI",48.7167,1.9,4,4,1,2
993,51,"2009-04-04 06:30:00","VILLE DI PARASO",42.5667,8.9864,4,4,1,2
994,38,"2009-04-13 10:30:00",COURBILLAC,45.7667,-0.166667,4,4,1,2
995,46,"2009-01-19 06:45:00",BREGY,49.0833,2.86667,3,4,1,2
996,37,"2009-05-17 10:15:00",DRUCOURT,49.1167,0.466667,4,4,1,2
997,62,"2009-03-11 18:45:00",SAGY,49.05,1.95,3,5,1,3
998,39,"2009-03-07 23:01:00",MOURS,49.1333,2.26667,3,7,1,5
999,62,"2009-04-06 16:00:00","L AIGLE",48.75,0.633333,4,4,1,2
1000,61,"2009-04-14 12:15:00","LA VENTROUZE",48.6167,0.7,4,4,1,2
1001,38,"2009-02-14 10:30:00","SEPEAUX ST ROMAIN",47.95,3.23333,4,4,1,2
1002,41,"2009-06-11 15:00:00","ST JEAN DE NAY",45.0667,3.7,4,4,1,2
1003,66,"2009-06-21 18:00:00","LE MONTEIL",45.0656,3.91473,4,4,1,2
1004,35,"2009-05-29 22:30:00",NIEUIL,45.8833,0.5,4,4,1,3
1005,49,"2009-05-29 22:30:00",NIEUIL,45.8833,0.5,4,4,1,3
1006,50,"2009-05-29 22:30:00",NIEUIL,45.8833,0.5,4,4,1,3
1007,80,"2009-04-19 15:30:00",TORNAC,44.0167,3.98333,4,4,1,2
1008,56,"2009-04-22 13:00:00",SUMENE,43.9833,3.71667,4,4,1,2
1009,37,"2009-05-01 14:13:00",NIMES,43.8333,4.35,4,4,3,2
1010,34,"2009-05-06 06:15:00",GENOLHAC,44.35,3.95,4,4,1,2
1011,83,"2009-05-22 14:30:00","RIBAUTE LES TAVERNES",44.0333,4.08333,4,4,1,2
1012,54,"2009-01-16 20:40:00",MIMIZAN,44.2,-1.23333,3,7,1,4
1013,43,"2009-01-28 09:00:00",HAGETMAU,43.6667,-0.583333,3,8,1,2
1014,61,"2009-02-14 18:45:00",TARNOS,43.5333,-1.46667,4,4,1,4
1015,64,"2009-02-07 16:00:00","SOORTS HOSSEGOR",43.6667,-1.4,3,4,1,2
1016,35,"2009-01-26 12:15:00",MASSIAC,45.25,3.21667,4,4,1,2
1017,39,"2009-03-15 17:00:00","ST OUEN",47.8167,1.08333,4,4,1,2
1018,47,"2009-03-12 06:45:00",GELLAINVILLE,48.4,1.53333,3,5,1,1
1019,56,"2009-01-13 09:19:00",EPINAL,48.1833,6.45,4,4,1,2
1020,33,"2009-01-13 17:00:00","THAON LES VOSGES",48.25,6.41667,4,4,1,4
1021,52,"2009-02-20 04:30:00",FRAIZE,48.1833,7,4,4,1,4
1022,61,"2009-02-27 18:40:00",EPINAL,48.1833,6.45,4,4,1,4
1023,59,"2009-02-27 18:40:00",EPINAL,48.1833,6.45,4,4,5,4
1024,29,"2009-02-27 18:40:00",EPINAL,48.1833,6.45,4,4,5,4
1025,39,"2009-04-07 04:30:00","FRESSE SUR MOSELLE",47.8667,6.79167,4,4,1,1
1026,34,"2009-04-21 16:25:00","ST DIE DES VOSGES",48.2833,6.95,4,4,1,2
1027,39,"2009-04-20 16:45:00",MONTAILLEUR,45.6167,6.28333,4,4,11,2
1028,101,"2009-01-23 14:15:00","STE ENGRACE",43,-0.816667,3,4,4,2
1029,35,"2009-03-09 08:00:00","VIC FEZENSAC",43.7667,0.3,4,4,1,2
1030,86,"2009-03-09 08:00:00","VIC FEZENSAC",43.7667,0.3,4,4,1,2
1031,64,"2009-01-29 09:05:00","ST DOULCHARD",47.1,2.35,4,4,4,2
1032,35,"2009-04-01 12:30:00",MOTZ,45.9207,5.84684,4,4,2,2
1033,43,"2009-04-07 15:00:00","NEUVILLE DE POITOU",46.6861,0.245833,4,4,1,2
1034,64,"2009-02-22 11:30:00","PLAIMPIED GIVAUDINS",47,2.45,4,4,1,2
1035,26,"2009-03-20 16:45:00","ST SAUVEUR",45.15,5.35,5,4,7,2
1036,95,"2009-04-20 14:45:00",MAICHE,47.25,6.8,4,4,1,2
1037,40,"2009-04-30 14:15:00",VILLERABLE,47.75,1.03333,4,4,1,2
1038,68,"2009-02-26 05:15:00","LA FERTE ST AUBIN",47.7167,1.93333,4,4,3,3
1039,48,"2009-03-25 15:15:00",MESSAS,47.8,1.63333,4,4,1,2
1040,42,"2009-04-04 20:20:00",MONTFERRER,42.4333,2.56667,4,4,1,3
1041,38,"2009-05-31 21:15:00","ST MARTIN LA PALLU",46.7333,0.316667,4,4,1,5
1042,72,"2009-05-28 12:15:00",ITEUIL,46.4833,0.316667,4,4,2,2
1043,61,"2009-05-17 20:30:00","SOLLIES PONT",43.1833,6.05,4,4,2,3
1044,37,"2009-03-25 17:30:00",SAULIEU,47.2667,4.23333,4,8,1,2
1045,53,"2009-03-25 17:30:00",SAULIEU,47.2667,4.23333,4,8,1,2
1046,55,"2009-03-23 17:15:00","ST SEINE SUR VINGEANNE",47.5167,5.43333,4,4,2,3
1047,97,"2009-05-18 07:15:00",MESMONT,47.3167,4.75,4,4,1,2
1048,62,"2009-05-27 21:15:00",ETEVAUX,47.3167,5.31667,4,4,1,3
1049,43,"2009-05-27 21:15:00",ETEVAUX,47.3167,5.31667,4,4,1,3
1050,54,"2009-05-26 19:45:00","LA MEMBROLLE SUR CHOISILLE",47.4381,0.639444,4,4,2,1
1051,34,"2009-05-30 05:30:00",MOISY,47.9167,1.31667,4,4,1,2
1052,70,"2009-05-30 05:30:00",MOISY,47.9167,1.31667,4,4,1,2
1053,45,"2009-02-08 05:15:00",ITTENHEIM,48.6,7.6,4,4,1,1
1054,73,"2009-02-23 15:15:00","PORTO VECCHIO",41.5909,9.27973,4,4,4,2
1055,38,"2009-05-18 14:45:00","ST GEORGES D AURAC",45.15,3.53333,4,8,1,2
1056,35,"2009-05-18 14:45:00","ST GEORGES D AURAC",45.15,3.53333,4,8,1,2
1057,46,"2009-05-23 10:30:00","STE MARIE AUX MINES",48.25,7.18333,4,4,2,2
1058,56,"2009-05-14 16:45:00","LONGUEIL STE MARIE",49.35,2.71667,4,4,1,2
1059,60,"2009-05-19 15:30:00","ST JUST EN CHAUSSEE",49.5,2.43333,4,4,1,2
1060,34,"2009-05-24 16:15:00","CAMBRONNE LES RIBECOURT",49.5,2.9,4,4,2,2
1061,50,"2009-05-23 21:45:00",MERU,49.2333,2.13333,4,4,2,3
1062,35,"2009-01-01 07:07:00","LA TESTE DE BUCH",44.6343,-1.13704,3,4,2,2
1063,37,"2009-02-08 03:35:00",LANTON,44.7,-1.03333,4,4,4,3
1064,22,"2009-06-28 16:45:00","ST HILAIRE LE GRAND",49.1667,4.46667,4,4,4,2
1065,74,"2009-06-28 16:45:00","ST HILAIRE LE GRAND",49.1667,4.46667,4,4,1,2
1066,70,"2009-06-28 16:45:00","ST HILAIRE LE GRAND",49.1667,4.46667,4,4,1,2
1067,35,"2009-05-11 05:00:00",MAYENNE,48.3,-0.616667,3,4,2,2
1068,51,"2009-05-12 11:00:00","ST FELIX LAURAGAIS",43.45,1.9,4,4,2,2
1069,101,"2009-04-06 11:30:00",VIEILLESPESSE,45.1167,3.15,4,4,4,2
1070,94,"2009-02-14 16:45:00",PLOUASNE,48.3,-2,4,4,1,2
1071,103,"2009-02-14 16:45:00",PLOUASNE,48.3,-2,4,4,1,2
1072,81,"2009-02-14 16:45:00",PLOUASNE,48.3,-2,4,4,1,2
1073,33,"2009-02-02 16:30:00","PLOUNEVEZ QUINTIN",48.2833,-3.23333,4,4,1,1
1074,60,"2009-03-14 19:15:00",VINZELLES,46.2667,4.76667,4,4,4,3
1075,83,"2009-03-18 15:30:00",COUCHES,46.8698,4.5725,4,4,1,2
1076,68,"2009-03-21 19:00:00",POURLANS,46.95,5.23333,4,4,1,3
1077,85,"2009-05-06 10:15:00","MIRAMONT DE GUYENNE",44.6,0.366667,4,4,1,2
1078,56,"2009-05-21 06:30:00","GRESY SUR AIX",45.7167,5.95,4,4,2,2
1079,36,"2009-04-13 19:00:00",ECUISSES,46.75,4.53333,4,4,2,1
